{"uvs":[[1,0.767784,0.905393,0.692833,0.909319,0.690922,0.893154,0.697819,0.88001,0.700392,0.866551,0.700437,0.863057,0.700005,0.853697,0.69787,0,0.705144,0.844893,0.694321,0.836907,0.689477,0.826491,0.682533,0.0509891,0.220047,0.0789675,0.186361,0.110009,0.154873,0.143897,0.125804,0.180394,0.0993583,0.219246,0.0757193,0.260179,0.0550529,1,0.243563,0.30291,0.0375035,0.974166,0.208543,0.347137,0.0231939,0.945135,0.175567,0.392553,0.0122239,0.913112,0.144865,0.43884,0.00467054,0.878321,0.116653,0.485674,0.000586386,0.841003,0.0911262,0.532728,0,0.801422,0.0684647,0.579672,0.00291557,0.759852,0.0488264,0.626179,0.0093127,0.716585,0.0323487,0.671923,0.0191466,0.87605,0.578329,0.970452,0.804614,0.937353,0.838968,0.900964,0.870573,0.861571,0.899182,0.819485,0.92457,0.775037,0.946536,0.0234691,0.745296,0.728576,0.964907,0.0508432,0.783437,0.680469,0.979539,0.0819071,0.819268,0.631094,0.990317,0.116416,0.852506,0.58084,0.997155,0.154098,0.88289,0.530103,1,0.194657,0.910181,0.479282,0.99883,0.237774,0.934163,0.428778,0.993653,0.283108,0.954648,0.378987,0.984511,0.330303,0.971475]],"faces":[42,0,1,2,0,0,1,2,0,0,0,42,1,0,3,0,1,0,3,1,1,1,42,3,0,4,0,3,0,4,2,2,2,42,4,0,5,0,4,0,5,3,3,3,42,5,0,6,0,5,0,6,4,4,4,42,6,0,7,0,6,0,7,5,5,5,42,0,8,7,0,0,8,7,6,6,6,42,8,9,7,0,8,9,7,7,7,7,42,8,10,9,0,8,10,9,8,8,8,42,8,11,10,0,8,11,10,9,9,9,42,12,11,8,0,12,11,8,10,10,10,42,13,11,12,0,13,11,12,11,11,11,42,14,11,13,0,14,11,13,6,6,6,42,15,11,14,0,15,11,14,12,12,12,42,16,11,15,0,16,11,15,13,13,13,42,17,11,16,0,17,11,16,14,14,14,42,18,11,17,0,18,11,17,15,15,15,42,18,19,11,0,18,19,11,16,16,16,42,20,19,18,0,20,19,18,17,17,17,42,20,21,19,0,20,21,19,18,18,18,42,22,21,20,0,22,21,20,19,19,19,42,22,23,21,0,22,23,21,20,20,20,42,24,23,22,0,24,23,22,21,21,21,42,24,25,23,0,24,25,23,22,22,22,42,26,25,24,0,26,25,24,23,23,23,42,26,27,25,0,26,27,25,24,24,24,42,28,27,26,0,28,27,26,25,25,25,42,28,29,27,0,28,29,27,26,26,26,42,30,29,28,0,30,29,28,27,27,27,42,30,31,29,0,30,31,29,28,28,28,42,32,31,30,0,32,31,30,29,29,29,42,32,33,31,0,32,33,31,30,30,30,42,34,33,32,0,34,33,32,21,21,21,42,34,35,33,0,34,35,33,31,31,31,42,35,34,36,0,35,34,36,32,32,32,42,10,11,37,0,10,11,37,33,33,33,42,9,10,37,0,9,10,37,34,34,34,42,7,9,37,0,7,9,37,35,35,35,42,7,37,6,0,7,37,6,36,36,36,42,6,37,5,0,6,37,5,37,37,37,42,5,37,4,0,5,37,4,38,38,38,42,4,37,3,0,4,37,3,39,39,39,42,3,37,1,0,3,37,1,40,40,40,42,1,37,2,0,1,37,2,41,41,41,42,8,0,38,0,8,0,38,42,42,42,42,8,38,39,0,8,38,39,43,43,43,42,8,39,40,0,8,39,40,44,44,44,42,8,40,41,0,8,40,41,45,45,45,42,8,41,42,0,8,41,42,46,46,46,42,8,42,43,0,8,42,43,47,47,47,42,8,43,44,0,8,43,44,48,48,48,42,44,43,45,0,44,43,45,49,49,49,42,44,45,46,0,44,45,46,50,50,50,42,46,45,47,0,46,45,47,51,51,51,42,46,47,48,0,46,47,48,52,52,52,42,48,47,49,0,48,47,49,53,53,53,42,48,49,50,0,48,49,50,46,46,46,42,50,49,51,0,50,49,51,54,54,54,42,50,51,52,0,50,51,52,46,46,46,42,52,51,53,0,52,51,53,55,55,55,42,52,53,54,0,52,53,54,56,56,56,42,54,53,55,0,54,53,55,57,57,57,42,54,55,56,0,54,55,56,58,58,58,42,56,55,57,0,56,55,57,59,59,59,42,56,57,58,0,56,57,58,21,21,21,42,58,57,59,0,58,57,59,60,60,60,42,58,59,60,0,58,59,60,25,25,25],"materials":[{"mapDiffuseRepeat":[1,1],"depthTest":true,"DbgIndex":0,"mapDiffuse":"ground2.jpg","DbgName":"Material.001","opacity":1,"mapDiffuseAnisotropy":1,"visible":true,"doubleSided":false,"colorEmissive":[0.64,0.64,0.64],"wireframe":false,"DbgColor":15658734,"depthWrite":true,"blending":"NormalBlending","specularCoef":50,"shading":"phong","colorDiffuse":[0.64,0.64,0.64],"transparent":false,"mapDiffuseWrap":["repeat","repeat"],"colorSpecular":[0.5,0.5,0.5]}],"metadata":{"type":"Geometry","materials":1,"vertices":61,"generator":"io_three","faces":67,"version":3,"uvs":1,"normals":61},"normals":[2.71744e-13,1,-4.37115e-08,-2.05113e-13,1,-4.37113e-08,5.96214e-14,1,-4.37114e-08,1.56136e-13,1,-4.37114e-08,0,1,-4.37112e-08,2.08207e-13,1,-4.37115e-08,0,1,-4.37114e-08,3.68392e-13,1,-4.37113e-08,-4.68648e-13,1,-4.37115e-08,3.33815e-13,1,-4.37113e-08,0,1,-4.37114e-08,5.83466e-14,1,-4.37114e-08,0,1,-4.37114e-08,0,1,-4.37114e-08,0,1,-4.37114e-08,6.09601e-14,1,-4.37114e-08,-3.78578e-15,1,-4.37114e-08,0,1,-4.37114e-08,6.71637e-14,1,-4.37114e-08,-6.63718e-14,1,-4.37114e-08,-5.12206e-14,1,-4.37114e-08,0,1,-4.37114e-08,-6.06977e-15,1,-4.37114e-08,1.13152e-13,1,-4.37114e-08,2.513e-14,1,-4.37114e-08,0,1,-4.37114e-08,-6.25714e-14,1,-4.37114e-08,6.37571e-14,1,-4.37114e-08,6.32358e-14,1,-4.37114e-08,-1.17213e-13,1,-4.37114e-08,2.18494e-14,1,-4.37114e-08,1.08358e-13,1,-4.37114e-08,-1.08104e-13,1,-4.37114e-08,0.177858,0.981947,-0.0643929,0.178032,0.982452,-0.0556075,0.176358,0.984057,-0.0230195,0.172501,0.984979,0.00769574,0.168687,0.985307,0.0267467,0.163254,0.985299,0.0503347,0.151466,0.984794,0.0850829,0.135519,0.983487,0.119951,0.128814,0.982921,0.131431,3.13029e-14,1,-4.37114e-08,-4.66665e-14,1,-4.37114e-08,2.27127e-14,1,-4.37114e-08,-2.86734e-14,1,-4.37114e-08,0,1,-4.37114e-08,3.33625e-14,1,-4.37114e-08,-8.95443e-14,1,-4.37114e-08,6.15156e-15,1,-4.37114e-08,0,1,-4.37114e-08,2.67384e-14,1,-4.37114e-08,-6.92002e-14,1,-4.37114e-08,-2.97509e-14,1,-4.37114e-08,-3.40956e-14,1,-4.37114e-08,-1.01583e-14,1,-4.37114e-08,1.03384e-13,1,-4.37114e-08,1.7072e-14,1,-4.37114e-08,-1.89698e-13,1,-4.37114e-08,-5.30022e-14,1,-4.37114e-08,5.83519e-14,1,-4.37114e-08],"vertices":[33.8911,1.16525e-05,266.577,17.9068,1.01363e-05,231.892,16.9429,1.01776e-05,232.837,20.597,1.00035e-05,228.853,22.5849,9.84878e-06,225.314,23.7808,9.67924e-06,221.435,23.9474,9.63331e-06,220.384,24.0772,9.50606e-06,217.473,101.375,-1.22908e-06,-28.118,23.7,9.37975e-06,214.584,22.8312,9.25815e-06,211.802,21.4953,9.09687e-06,208.112,-60.3051,-2.67634e-06,-61.2275,-73.6778,-2.46864e-06,-56.476,-86.6068,-2.21284e-06,-50.6239,-99.0017,-1.91072e-06,-43.7121,-110.776,-1.56439e-06,-35.789,-121.847,-1.17627e-06,-26.91,-132.138,-7.49084e-07,-17.137,-135.991,9.39355e-06,214.899,-141.576,-2.8581e-07,-6.53857,-145.072,8.91683e-06,203.993,-150.095,2.10311e-07,4.81135,-153.21,8.40861e-06,192.367,-157.637,7.35809e-07,16.8334,-160.349,7.87246e-06,180.101,-164.148,1.28701e-06,29.4434,-166.438,7.31211e-06,167.282,-169.583,1.86006e-06,42.5533,-171.434,6.73148e-06,153.998,-173.903,2.45096e-06,56.0714,-175.303,6.13464e-06,140.344,-177.08,3.05557e-06,69.9032,-178.018,5.52576e-06,126.415,-179.089,3.66966e-06,83.952,-179.56,4.90909e-06,112.307,-179.918,4.28894e-06,98.1196,-16.469,7.14241,212.168,48.4204,1.14385e-05,261.683,62.4587,1.11691e-05,255.519,75.8954,1.08464e-05,248.136,88.6246,1.04728e-05,239.591,100.546,1.00515e-05,229.951,111.567,9.58555e-06,219.292,112.326,-7.60079e-07,-17.3886,121.599,9.07877e-06,207.698,122.284,-2.50493e-07,-5.73061,130.563,8.53511e-06,195.261,131.168,2.9567e-07,6.76415,138.39,7.95886e-06,182.077,138.91,8.7411e-07,19.9973,145.018,7.35454e-06,168.252,145.449,1.48027e-06,33.8647,150.394,6.72693e-06,153.894,150.733,2.10938e-06,48.257,154.475,6.08095e-06,139.116,154.72,2.75649e-06,63.0611,157.231,5.4217e-06,124.034,157.379,3.4165e-06,78.1604,158.639,4.75437e-06,108.767,158.689,4.08421e-06,93.4359]}