{"uvs":[[-3.33067e-16,1,0.5,4.77042e-16,1,1.95779e-16,1,1,0.105877,6.64073e-18,0.105877,1,0.0977138,1,0.0977138,5.60843e-18,0.5,2.94462e-18,1,6.61771e-17,0.5,1,0.494228,1,0.494228,2.21468e-18,0.5,5.64835e-17,5.13478e-16,1,-3.05311e-16,1.1196e-16,0.5,3.40691e-16,0.505772,3.41421e-16,0.505772,1,2.44249e-15,1.05211e-16,1.66533e-15,1,1,5.94282e-17,1,1.19716e-16,-1.11022e-15,2.41562e-16,1.11022e-16,1,-1.11022e-16,1.65499e-16]],"normals":[0.983469,-9.01281e-09,0.181079,-0.181086,0,0.983467,-0.82346,0,0.567375,-0.823473,0,0.567355,-0.181079,0,0.983469,-0.823459,0,0.567375,0.567389,0,0.82345,0.567375,0,0.82346,0.567375,0,0.823459,-0.181079,0,0.983469,0.983468,-0,0.181079,-0,1,-0,-0.18108,0,0.983468],"materials":[{"DbgColor":15658734,"blending":"NormalBlending","colorDiffuse":[0.584375,0.459375,0.421875],"depthTest":true,"DbgName":"flame","depthWrite":true,"DbgIndex":0,"colorSpecular":[0.5,0.5,0.5],"colorEmissive":[0,0,0],"transparent":true,"opacity":0,"visible":true,"wireframe":false,"shading":"phong","specularCoef":50,"doubleSided":false}],"vertices":[-19.5353,-26.3866,111.349,-12.6053,7.1424,106.574,-19.5353,7.1424,111.349,-12.6053,-26.3866,106.574,-12.5253,7.1424,106.519,-12.5253,-26.3866,106.519,-5.67538,7.1424,101.8,-5.67538,-26.3866,101.8,-12.6604,-26.3866,106.494,-14.2779,7.1424,106.197,-14.2779,-26.3866,106.197,-12.6604,7.1424,106.494,-6.00138,7.1424,107.721,-6.00138,-26.3866,107.721,2.27514,7.1424,109.244,2.27514,-26.3866,109.244,-17.3802,7.1424,99.6445,-17.3802,-26.3866,99.6445,-7.8305,7.1424,113.504,-7.8305,-26.3866,113.504,-4.47749,7.1424,99.444,-4.47749,-26.3866,99.444,-7.52528,7.1424,115.997,-7.52528,-26.3866,115.997],"faces":[43,22,13,21,20,0,0,1,2,3,0,0,0,0,43,5,4,11,8,0,4,5,6,7,1,1,1,1,43,3,19,18,1,0,8,9,3,10,2,2,2,2,43,3,1,11,8,0,8,10,11,12,3,3,3,3,43,5,13,12,4,0,4,13,10,5,4,4,4,4,43,8,11,16,17,0,12,11,14,15,5,5,5,5,43,3,5,4,1,0,16,17,18,10,6,6,6,6,43,0,3,1,2,0,19,16,10,20,7,7,7,7,43,5,7,6,4,0,17,21,3,18,8,8,8,8,43,13,15,14,12,0,13,22,3,10,9,9,9,9,42,13,22,23,0,1,0,23,10,10,10,42,22,20,12,0,0,3,10,11,11,11,43,8,11,9,10,0,7,6,24,25,12,12,12,12],"metadata":{"uvs":1,"faces":13,"type":"Geometry","normals":13,"version":3,"generator":"io_three","vertices":24,"materials":1}}