{"normals":[-0.717093,0,0.696921,-0.553453,-0.561663,0.614948,-0.0862453,-0.359325,0.929197,-0.190619,0,0.981658,0.36082,-0.587817,0.724021,0.357616,0,0.933836,0.185736,-0.580248,0.792932,0.521287,-0.580248,0.625721,0.530259,0,0.847804,-0.0862453,0.359325,0.929197,-0.793817,0.359294,-0.490616,-0.530229,0,-0.847835,-0.898526,0,-0.438856,0.533708,-0.824427,0.18833,0.824213,-0.561693,-0.0715964,0.793817,-0.359325,0.490585,-0.98822,0,0.152898,-0.824244,-0.561663,0.0715964,-0.127354,0.906735,0.401959,0.397626,0.906735,0.140294,0.127354,0.906735,-0.401959,-0.397626,0.906735,-0.140324,0.553453,-0.561693,-0.614948,0.170965,-0.824427,-0.539506,-0.521256,0.580248,-0.625751,-0.824213,0.561663,0.0715964,-0.185736,0.580248,-0.792932,-0.357616,0,-0.933836,0.185736,0.580248,0.792932,0.553423,0.561693,-0.614948,0.0862758,0.359294,-0.929197,-0.36082,-0.587817,-0.724052,-0.521256,-0.580248,-0.625721,-0.185736,-0.580248,-0.792932,-0.793847,-0.359294,-0.490585,-0.553453,0.561693,0.614948,0.521256,0.580248,0.625721,0.793817,0.359325,0.490585,0.717093,0,-0.696921,0.98822,0,-0.152898,-0.533708,-0.824396,-0.18833,0.898526,0,0.438856,0.190649,0,-0.981628,0.0862758,-0.359294,-0.929197,-0.170965,-0.824396,0.539506,0.824213,0.561693,-0.0715964],"uvs":[[0.930985,0.26773,0.845679,0.26773,0.861971,0.211074,0.914693,0.211074,0.774246,0.81053,0.694453,0.0245203,0.776664,0.0173557,0.773782,0.962907,0.691619,0.954485,0.64555,0.0048603,0.69566,0,0.480554,0.992962,0.529457,0.973302,0.530664,0.997822,0.745742,0.00477283,0.292351,0.775872,0.292351,0.801194,0.223336,0.796358,0.223336,0.780708,0.930985,0.337761,0.845679,0.337761,0.154321,0.0204854,0.154321,0.979515,0.0690146,0.979515,0.0690146,0.0204854,0.377657,0.801194,0.377657,0.775872,0,0.0253214,0,0.0126607,0.0690146,8.84802e-10,0.449555,0.980325,0.446672,0.0347738,0.526622,0.0433373,0.61455,0.0174973,0.0690146,1,2.38469e-08,0.987339,4.76938e-08,0.974679,0.60925,0.187293,0.611668,0.980466,0.608786,0.0349153,0.580746,0.993049,0.223336,0.0126607,0.223336,0.0253214,0.154321,0,0.611668,0.963049,0.642591,0.975632,0.776664,0.521104,0.776664,0.451073,0.845679,0.451073,0.845679,0.521104,0.446672,0.0126607,0.377657,0,0.446672,0.656936,0.446672,0.780708,0.692672,0.980404,0.527676,0.0174181,0.577786,0.0222783,0.446672,0.796358,0.223336,0.0126607,0.292351,1.7696e-09,0.223336,0.656936,0.223336,0.974679,0.776664,0.989958,0.695584,0.997823,0.742783,0.975544,0.776664,0.26773,0.819318,0.211074,0.861971,0.57776,0.930986,0.521104,0.914693,0.57776,0.223336,0.987339,0.154321,1,0.776664,0.337761,0.957347,0.394417,0.914693,0.394417,1,0.337761,0.530587,0,0.611668,0.00786372,0.861971,0.394417,0.819318,0.394417,1,0.26773,0.477594,0.0221909,0.861971,0.394417,0.914693,0.394417,0.930986,0.451073,0.957347,0.211074]],"vertices":[124.447,0.785205,63.379,124.649,0.485284,63.5636,124.703,0.670645,63.5366,124.36,0.485284,63.4227,133.777,0.185364,59.0149,124.976,0.485284,63.5093,124.845,0.185364,63.4658,135.493,0.185364,58.1598,135.448,0.485284,58.2908,124.335,0.670645,62.7976,124.521,0.485284,62.5959,124.281,0.485284,62.8247,124.703,0.299923,63.5366,124.477,0.785204,62.7269,134.993,0.485284,57.3774,135.124,0.785204,57.4209,124.845,0.785205,63.4658,135.433,0.970565,57.9044,124.677,0.970565,63.2645,135.493,0.785204,58.1598,135.292,0.970565,57.6222,124.537,0.970565,62.9823,124.537,2.75304e-06,62.9823,124.447,0.185364,63.379,124.307,0.185364,63.0968,124.677,2.76538e-06,63.2645,124.219,0.485284,63.1405,133.408,0.185364,58.276,124.477,0.185364,62.7269,135.124,0.185363,57.4209,124.335,0.299923,62.7976,124.307,0.785205,63.0968,135.635,0.670645,58.0891,135.292,2.51875e-06,57.6222,135.689,0.485284,58.062,135.321,0.485284,57.3231,135.266,0.299923,57.3501,135.433,2.53108e-06,57.9044,135.635,0.299923,58.0891,135.663,0.185364,57.79,135.61,0.485284,57.464,135.266,0.670645,57.3501,135.522,0.785204,57.5077,135.663,0.785204,57.79,135.751,0.485284,57.7462,135.522,0.185363,57.5077],"materials":[{"transparent":false,"doubleSided":false,"colorEmissive":[0,0,0],"visible":true,"DbgName":"Material.011","shading":"phong","colorSpecular":[0.5,0.5,0.5],"opacity":1,"wireframe":false,"DbgColor":15658734,"DbgIndex":0,"depthWrite":true,"specularCoef":50,"blending":"NormalBlending","colorDiffuse":[0.64,0.64,0.64],"depthTest":true}],"faces":[43,3,23,12,1,0,0,1,2,3,0,1,2,3,42,4,5,6,0,4,5,6,4,5,6,42,5,4,7,0,5,4,7,5,4,7,42,5,7,8,0,5,7,8,5,7,8,42,2,1,5,0,9,10,5,9,3,5,42,9,10,11,0,11,12,13,10,11,12,42,5,1,12,0,5,10,14,5,3,2,43,37,39,38,7,0,15,16,17,18,13,14,15,7,43,3,26,24,23,0,0,19,20,1,0,16,17,1,42,5,12,6,0,5,14,6,5,2,6,43,18,17,20,21,0,21,22,23,24,18,19,20,21,43,45,39,37,33,0,25,16,15,26,22,14,13,23,43,21,13,9,31,0,24,27,28,29,21,24,10,25,43,13,15,14,10,0,30,31,32,12,24,26,27,11,42,13,10,9,0,30,12,11,24,11,10,42,16,2,5,0,33,9,5,28,9,5,43,20,42,41,15,0,23,34,35,36,20,29,30,26,42,10,27,28,0,12,37,38,11,31,32,42,27,10,29,0,37,12,39,31,11,33,42,29,10,14,0,39,12,32,33,11,27,42,11,10,30,0,13,12,40,12,11,34,43,18,0,2,16,0,21,43,41,42,18,35,9,28,43,20,15,13,21,0,23,36,27,24,20,26,24,21,42,10,28,30,0,12,38,40,11,32,34,43,0,18,21,31,0,43,21,24,29,35,18,21,25,42,19,8,32,0,44,8,45,36,8,37,43,39,45,40,44,0,46,47,48,49,14,22,38,39,42,28,33,22,0,50,26,51,32,23,40,42,33,28,27,0,26,50,52,23,32,31,42,33,27,29,0,26,52,53,23,31,33,42,32,8,34,0,45,8,54,37,8,41,42,35,36,14,0,55,56,32,42,43,27,43,36,45,33,29,0,57,25,26,53,43,22,23,33,43,8,19,16,5,0,8,44,33,5,8,36,28,5,42,37,6,25,0,15,58,59,13,6,44,42,6,37,4,0,58,15,60,6,13,4,42,4,37,7,0,60,15,18,4,13,7,43,16,19,17,18,0,42,61,22,21,28,36,19,18,43,39,44,34,38,0,62,63,54,64,14,39,41,15,43,25,6,12,23,0,65,66,2,1,44,6,2,1,42,8,7,38,0,8,7,64,8,7,15,43,34,44,43,32,0,67,49,68,69,41,39,45,37,43,32,43,17,19,0,70,71,22,61,37,45,19,36,43,22,25,23,24,0,72,65,1,20,40,44,1,17,42,8,38,34,0,8,64,54,8,15,41,43,9,11,26,31,0,73,74,19,75,10,12,16,25,43,36,35,40,45,0,56,55,76,77,43,42,38,22,43,30,28,22,24,0,78,79,72,20,34,32,40,17,43,43,42,20,17,0,71,34,23,22,45,29,20,19,43,3,0,31,26,0,0,80,75,19,0,35,25,16,43,11,30,24,26,0,74,78,20,19,12,34,17,16,42,15,41,14,0,31,81,32,26,30,27,42,41,35,14,0,81,55,32,30,42,27,42,14,36,29,0,32,56,39,27,43,33,43,40,35,41,42,0,48,82,83,84,38,42,30,29,43,0,3,1,2,0,80,0,3,85,35,0,3,9,43,44,40,42,43,0,49,48,84,68,39,38,29,45],"metadata":{"generator":"io_three","normals":46,"type":"Geometry","faces":57,"materials":1,"uvs":1,"version":3,"vertices":46}}