{"normals":[-0.987056,0,-0.160377,0.160378,0,-0.987056,-0.160376,0,0.987056,0,1,0,0.160378,0,-0.987056,1.09719e-08,1,-6.75273e-08,-0.987056,-0,-0.160376,0.160377,0,-0.987056,0.160376,0,-0.987056,-0.987056,0,-0.160375,-5.48594e-09,-1,3.37636e-08,-1.53562e-08,-1,9.4511e-08,-0.987056,-3.47844e-06,-0.160377,-0.987056,8.94063e-05,-0.160375,-0.987056,-0,-0.160377,0,0,0,-0.160378,0,0.987056,-0.987056,0,-0.160377,-0.987056,0,-0.160378,-0.987056,0,-0.160377,-0.987056,0,-0.160377,-0.987056,-5.95012e-07,-0.160377,-0.987056,0,-0.160378,-0.160378,0,0.987056,-0.987056,7.42638e-07,-0.160377,0.160378,0,-0.987056,0.987056,0,0.160377,5.06954e-09,1,-3.12009e-08,0.987056,0,0.160377,-0.987056,-6.83456e-08,-0.160377,-0,1,0,-0.987056,0,-0.160376,-0.160379,0,0.987056],"uvs":[[0.302336,0.842973,0.37347,0.842973,0.37347,0.982118,0.302336,0.982118,0.444605,0.942819,0.444605,0.842973,0.51574,0.842973,0.51574,0.942819,0.37347,0.842973,0.444605,0.842973,0.444605,0.942819,0.373471,0.942819,7.59395e-08,1,0.0437957,0.842973,0.112634,0.842973,0.112634,1,0.51574,0.842973,0.584579,0.842973,0.584579,0.917854,0.51574,0.917854,0.931161,0.778988,0.931161,0.389494,1,0.389494,1,0.778988,0.650604,0.546521,0.579469,0.537021,0.650604,0.537021,0.715501,0.933585,0.715501,0.466792,0.851533,0.466792,0.851533,0.933585,0.665627,0.842973,0.665628,0.961539,0.661381,0.961539,0.661381,0.842973,0.661381,0.917854,0.653418,0.917854,0.653418,0.842973,1,0.389494,0.931161,0,1,0,0.302336,0.982118,0.207485,0.982118,0.207485,0.842973,0.302336,0.842973,0.935408,0.927633,0.931161,0.778988,0.935408,0.788488,0.935408,0.936016,0.931161,0.936015,0,0,0.653418,0.926795,0.584579,0.926795,0.584579,0.842973,0.653418,0.842973,0.931161,0.389494,0.851533,0.389494,0.851533,0,0.931161,0,0.926914,0.936015,0.922668,0.936015,0.922667,0.778988,0.926914,0.778988,0.922667,0.918133,0.851533,0.918133,0.851533,0.778988,0.922667,0.778988,0.659097,0.389494,0.715501,0.842972,0.65485,0.389494,0.715501,0,0.659097,0,0.771904,2.33156e-08,0.715501,0.466792,0.715501,0,0.112634,0.982118,0.207485,0.842973,0.207485,0.982118,0.654851,0.546521,0.51574,0.926795,0.51574,0.922325,0.584579,0.922325,0.579469,0,0.579469,0.842972,0.443437,0.842972,0.443437,2.13171e-07,5.06263e-08,0.842973,0,1.06586e-07,0.443437,0,0.443437,0.842973,0.851533,0.389494,0.931161,0.389494,0.931161,0.778988,0.851533,0.778988,0,0.842973,0.935408,0.778988,0.669874,0.889075,0.665628,0.889075,0.665628,0.842973,0.669874,0.842973,0.851533,5.66236e-08,0.851533,0.466792]],"vertices":[-15.4381,10.1424,87.3749,-17.9981,7.1424,86.9589,-15.4381,7.1424,87.3749,-17.9981,10.1424,86.9589,-15.4381,10.1424,87.3749,-15.7624,10.1424,73.1994,-17.9981,10.1424,86.9589,-13.2025,10.1424,73.6153,-15.4381,10.1424,87.3749,-13.2025,7.1424,73.6153,-13.2025,10.1424,73.6153,-15.4381,7.1424,87.3749,-15.4381,7.1424,87.3749,1.05211,12.2674,90.0542,-15.4381,10.1424,87.3749,1.05211,7.1424,90.0542,1.05211,7.1424,90.0542,5.8907,12.2674,60.2747,1.05211,12.2674,90.0542,5.8907,7.1424,60.2747,5.8907,7.1424,60.2747,-10.5995,12.2674,57.5954,5.8907,12.2674,60.2747,-10.5995,7.1424,57.5954,-10.5995,7.1424,57.5954,-12.3012,9.8224,68.0681,-10.5995,12.2674,57.5954,-12.3557,7.1424,68.4037,-12.3557,9.8224,68.4037,-13.1544,7.1424,73.3192,-12.3557,9.8224,68.4037,-12.3557,7.1424,68.4037,-13.1544,9.8224,73.3192,-16.6816,9.8224,72.7461,-13.1544,7.1424,73.3192,-13.1544,9.8224,73.3192,-16.6816,7.1424,72.7461,-15.8829,9.8224,67.8306,-16.6816,7.1424,72.7461,-16.6816,9.8224,72.7461,-15.8829,7.1424,67.8306,-15.8829,9.8224,67.8306,-12.3557,7.1424,68.4037,-15.8829,7.1424,67.8306,-12.3557,9.8224,68.4037,-15.8829,9.8224,67.8306,-13.1544,9.8224,73.3192,-12.3557,9.8224,68.4037,-16.6816,9.8224,72.7461,-13.1544,9.8224,73.3192,-12.3012,9.9824,68.0681,-13.2025,9.8224,73.6153,-13.2025,9.9824,73.6153,-13.2025,9.8224,73.6153,-13.2025,9.9824,73.6153,-13.2025,7.1424,73.6153,-15.7624,9.8224,73.1994,-13.2025,9.8224,73.6153,-15.7624,7.1424,73.1994,-15.4381,7.1424,87.3749,-15.7624,7.1424,73.1994,-13.2025,7.1424,73.6153,-17.9981,7.1424,86.9589,-17.9981,7.1424,86.9589,-15.7624,10.1424,73.1994,-17.9981,10.1424,86.9589,-15.7624,9.9824,73.1994,-13.2025,9.9824,73.6153,-13.2025,10.1424,73.6153,-13.2025,10.1424,73.6153,-13.2025,9.9824,73.6153,-15.4381,12.2674,87.3749,-15.4381,10.1424,87.3749,-15.4381,12.2674,87.3749,1.05211,12.2674,90.0542,-10.5995,12.2674,57.5954,-15.4381,12.2674,87.3749,5.8907,12.2674,60.2747,-12.3012,9.9824,68.0681,-12.3012,9.8224,68.0681,-16.4897,9.9824,67.3875,-12.3012,9.9824,68.0681,-16.4897,9.8224,67.3875,-17.391,9.8224,72.9348,-16.4897,9.9824,67.3875,-16.4897,9.8224,67.3875,-17.391,9.9824,72.9348,-15.7624,9.8224,73.1994,-17.391,9.9824,72.9348,-17.391,9.8224,72.9348,-15.7624,9.9824,73.1994,-12.3012,9.9824,68.0681,-15.7624,9.9824,73.1994,-13.2025,9.9824,73.6153,-16.4897,9.9824,67.3875,-17.391,9.9824,72.9348,-12.3012,9.8224,68.0681,-13.2025,9.8224,73.6153,-13.1544,7.1424,73.3192,-13.2025,7.1424,73.6153,-13.1544,9.8224,73.3192,-13.1544,7.1424,73.3192,-15.8829,7.1424,67.8306,-12.3557,7.1424,68.4037,-16.6816,7.1424,72.7461],"materials":[{"transparent":false,"doubleSided":false,"colorEmissive":[0,0,0],"visible":true,"DbgName":"Material.023","shading":"phong","colorSpecular":[1,1,1],"opacity":1,"wireframe":false,"DbgColor":15658734,"DbgIndex":0,"depthWrite":true,"specularCoef":50,"blending":"NormalBlending","colorDiffuse":[1,1,1],"depthTest":true}],"faces":[43,37,40,38,39,0,0,1,2,3,0,0,0,0,43,41,44,42,43,0,4,5,6,7,1,1,1,1,43,33,36,34,35,0,8,9,10,11,2,2,2,2,43,94,92,93,91,0,12,13,14,15,3,3,3,3,43,55,58,56,57,0,16,17,18,19,4,4,4,4,43,4,7,5,6,0,20,21,22,23,5,5,5,5,42,25,27,28,0,24,25,26,6,6,6,43,20,23,21,22,0,27,28,29,30,7,7,7,7,43,79,82,80,81,0,31,32,33,34,8,8,8,8,43,97,100,98,99,0,35,36,37,34,9,9,9,9,43,59,62,60,61,0,38,21,39,40,10,10,10,10,43,101,104,102,103,0,41,42,43,44,11,11,11,11,42,49,50,47,0,45,46,47,12,12,12,42,51,50,49,0,48,46,45,13,13,13,42,50,51,52,0,46,48,49,14,14,14,42,10,53,54,0,50,50,50,15,15,15,42,10,9,53,0,50,50,50,15,15,15,43,0,3,1,2,0,51,52,53,54,16,16,16,16,43,63,65,64,58,0,55,56,57,58,17,17,17,17,43,83,86,84,85,0,59,60,61,62,18,18,18,18,42,58,64,66,0,50,50,50,15,15,15,43,29,32,30,31,0,63,64,65,66,19,19,19,19,42,69,26,70,0,67,68,69,20,20,20,42,69,71,26,0,67,70,68,21,21,21,42,71,69,72,0,70,67,71,22,22,22,42,14,13,73,0,72,73,74,23,23,23,43,45,48,46,47,0,75,14,76,77,3,3,3,3,42,70,26,78,0,69,68,78,24,24,24,42,78,26,25,0,78,68,24,22,22,22,43,64,68,67,66,0,52,79,80,81,25,25,25,25,43,16,19,17,18,0,82,83,84,85,26,26,26,26,43,74,77,75,76,0,86,87,88,89,27,27,27,27,42,58,66,56,0,50,50,50,15,15,15,43,8,11,9,10,0,90,91,92,93,28,28,28,28,43,27,25,26,24,0,25,24,68,83,29,29,29,29,42,92,94,95,0,13,12,94,30,30,30,42,47,50,96,0,47,46,95,31,31,31,43,87,90,88,89,0,96,97,98,99,32,32,32,32,43,12,15,13,14,0,100,101,73,72,23,23,23,23,43,66,67,57,56,0,81,80,19,18,25,25,25,25],"metadata":{"generator":"io_three","normals":33,"type":"Geometry","faces":40,"materials":1,"uvs":1,"version":3,"vertices":105}}