{"normals":[-0.0301881,0.982125,0.185795,0.0178489,0.994438,-0.103802,-0.169464,0,0.985536,-0.987056,-0,-0.160378,-0.987056,3.87033e-07,-0.160377,-0.987056,0,-0.160377,0.0496,0.950974,-0.305266,0.0495998,0.950974,-0.305266,-0.985536,-0,-0.169464,-0.985536,9.40508e-08,-0.169464,-0.985536,0,-0.169464,-0.0178489,0.994438,0.103802,0.985536,-0,0.169464,0.985536,0,0.169464,0.985536,0,0.169464,0.169464,0,-0.985536,0.987056,-0,0.160377,0.987056,5.70359e-07,0.160377,0.987056,0,0.160378,0.160377,0,-0.987056,0.160393,1.80657e-05,-0.987053,0.160377,0,-0.987056,-0.160377,0,0.987056],"uvs":[[1,0,1,0.381957,0.825962,0.381957,0.825962,2.35586e-08,0.183265,0.500017,0,0.500014,4.7821e-08,2.562e-05,0.183265,2.81643e-05,0.155543,0.500017,0.155543,1,7.79774e-09,1,0,0.500017,0.363133,0.229862,0.594548,0.619902,0.439005,0.619902,0.594548,9.42345e-08,0.439005,0,0.828557,0.617505,0.825962,0.617505,1,0.617505,0.537982,0.799491,0.71283,0.97908,0.557287,0.97908,0.71283,0.619902,0.557287,0.619902,0.363133,0.499988,0.363133,0,0.363133,0.619902,0.518676,0.97908,0.363133,0.97908,0.537982,0.799491,0.518676,0.619902,0.155543,0.999993,0.155543,0.500017,0.311086,0.500017,0.311086,0.999993,0.825962,0.619902,0.670419,0,0.825962,1.17793e-08,0.594548,0.39004,0.670419,0.619902,0.71283,0.791378,0.868373,0.619902,0.868373,0.791378,0.71283,0.788821,0.71283,0.619902,0.71283,0.791378,0.868373,0.791378,0.868373,0.962853,0.71283,0.962853]],"vertices":[-99.1511,6.20386,97.3904,-117.866,6.97386,86.7957,-119.098,6.20386,93.9605,-97.9191,6.97386,90.2256,-99.1511,4.25707e-06,97.3904,-119.098,4.10714e-06,93.9605,-116.634,6.20386,79.6308,-96.6871,3.6307e-06,83.0608,-116.634,3.48077e-06,79.6308,-96.6871,6.20386,83.0608,-91.0311,9.23,93.4469,-93.5634,4.76594e-06,109.032,-93.5634,6.20386,109.032,-89.5388,3.68322e-06,84.2623,-89.5388,6.20386,84.2623,-86.7117,6.20386,110.145,-84.1795,9.23,94.5602,-89.4366,6.20386,84.2789,-82.6871,6.20386,85.3755,-86.7117,4.8146e-06,110.145,-82.6871,3.73188e-06,85.3755],"materials":[{"transparent":false,"doubleSided":false,"colorEmissive":[0,0,0],"visible":true,"DbgName":"Material","shading":"phong","colorSpecular":[1,1,1],"opacity":1,"wireframe":false,"DbgColor":15658734,"DbgIndex":0,"depthWrite":true,"specularCoef":50,"blending":"NormalBlending","colorDiffuse":[1,1,1],"depthTest":true}],"faces":[43,15,16,10,12,0,0,1,2,3,0,0,0,0,43,3,9,6,1,0,4,5,6,7,1,1,1,1,43,0,2,5,4,0,8,9,10,11,2,2,2,2,42,10,11,12,0,12,13,14,3,3,3,42,11,10,13,0,13,12,15,4,4,4,42,13,10,14,0,15,12,16,5,5,5,43,16,17,14,10,0,1,17,18,2,6,6,6,6,42,17,16,18,0,17,1,19,7,7,7,42,1,5,2,0,20,21,22,8,8,8,42,5,1,8,0,21,20,23,9,9,9,42,8,1,6,0,23,20,24,10,10,10,43,0,3,1,2,0,25,4,7,26,11,11,11,11,42,7,0,4,0,27,28,29,12,12,12,42,0,7,3,0,28,27,30,13,13,13,42,3,7,9,0,30,27,31,14,14,14,43,6,9,7,8,0,32,33,34,35,15,15,15,15,42,20,15,19,0,36,37,38,16,16,16,42,15,20,16,0,37,36,39,17,17,17,42,16,20,18,0,39,36,40,18,18,18,42,14,20,13,0,41,42,43,19,19,19,42,20,14,17,0,42,41,44,20,20,20,42,18,20,17,0,45,42,44,21,21,21,43,19,15,12,11,0,46,47,48,49,22,22,22,22],"metadata":{"generator":"io_three","normals":23,"type":"Geometry","faces":23,"materials":1,"uvs":1,"version":3,"vertices":21}}