{"normals":[-0.148236,0,0.988952,0.622853,0,-0.782339,0.988952,0,0.148234,0.930574,0,-0.366104,-0.930576,0,0.3661,-0.930574,0,0.366104,0.490076,0,-0.87168,-0.782343,0,-0.622848,-0.622849,0,0.782342,-0,1,0,0,1,0,-7.04144e-09,-1,4.69775e-08,0,1,0,-0.871853,0,-0.489768,0.794817,0,-0.606849,0.782342,0,0.622849,0.871617,0,0.490187,0.3661,0,0.930576,0.988953,0,0.148232,-0.794817,0,0.606849,0.148234,0,-0.988952,0.148232,0,-0.988953,0.782345,0,0.622846,-0.3661,0,-0.930576,1.51834e-07,-1,2.27581e-08,-6.39058e-08,-1,4.72449e-08,-7.04148e-09,-1,4.69774e-08,4.36159e-08,1,-6.78371e-08,-6.39036e-08,-1,4.72452e-08,1.5183e-07,-1,2.27579e-08,-0.489768,1.18943e-06,0.871853,0,1,-0,-0,1,0,-0,1,-0,-0,1,-0,-0.782345,0,-0.622846,-0.988952,0,-0.148233,0.366101,0,0.930575,-0.148232,0,0.988953,-6.09811e-09,-1,4.06836e-08,0.930571,0,-0.366113,0.606848,0,0.794818,-0.794817,0,0.606849,-0.988953,0,-0.148232,0.606848,0,0.794818,-1.66579e-08,1,-2.18176e-08,-0.606848,0,-0.794818,-0.366101,0,-0.930575,0.622854,0,-0.782338,0.794817,0,-0.606849,-0.489764,0,0.871855,-0.622846,0,0.782345],"uvs":[[0.212313,0.37909,0.241827,0.37909,0.241827,0.858206,0.212313,0.858206,0.241827,0.543102,0.241827,0.514639,0.260513,0.514639,0.260513,0.543103,0.807292,0.479116,0.807291,0,0.836805,0,0.836806,0.479116,0.260513,0.57462,0.241827,0.57462,0.241827,0.393351,0.260513,0.393351,0.260513,0.419804,0.241827,0.419804,0.528901,0.479115,0.528901,5.44471e-09,0.558782,8.98377e-08,0.558782,0.479116,0.44186,0.431224,0.44186,0.74198,0.263001,0.74198,0.263001,0.431224,0.461396,0.479115,0.461396,8.16707e-09,0.493255,1.82398e-07,0.493255,0.479116,0.574893,0,0.574893,0.479116,0.485321,0.597064,0.544689,0.581262,0.517136,0.597063,0.560597,0.553892,0.000134704,3.31038e-05,0.263,0,0.263001,0.37909,0,0.378998,0.71945,0.951556,0.71945,0.916092,0.834836,0.982268,0.803919,1,0.517136,0.479116,0.44186,0.522287,0.457768,0.494918,0.485321,0.479116,0.441859,0.99097,0.263001,0.99097,0.263001,0.741981,0.44186,0.74198,0.715168,0.785236,0.574893,0.785236,0.574893,0.396703,0.715168,0.396703,0.144557,0.858206,0.144557,0.37909,0.17671,0.37909,0.176709,0.858206,0.263002,0,0.44186,0,0.44186,0.21407,0.263001,0.21407,0.460546,0.623191,0.460546,0.654708,0.44186,0.654709,0.44186,0.623191,0.260513,0.600747,0.241827,0.600747,0.836806,0.108477,0.977081,0.108477,0.977081,0.368408,0.836806,0.368408,0.71945,8.71154e-08,0.739536,1.30673e-07,0.739536,0.479116,0.71945,0.479116,0.241827,0.496858,0.260513,0.496858,0.460546,0.683172,0.44186,0.683172,0.241827,0.496857,0.241827,0.479563,0.260513,0.479563,0.260513,0.496858,0.7373,0.982268,0.768218,1,0.7373,0.88538,0.768218,0.867648,0.852687,0.916092,0.852687,0.951556,0,0.379091,0.144557,0.37909,0.144557,0.775793,0,0.775793,0.457767,0.581261,0.560597,0.522287,0.834836,0.88538,0.803919,0.867648,0.263001,0.431223,0.263001,0.281556,0.969804,0.956871,0.975112,0.962143,0.944194,0.979875,0.942251,0.972673,0.859725,0.895967,0.866975,0.897897,0.866975,0.929501,0.859725,0.931431,0.877575,0.962143,0.882882,0.956871,0.910436,0.972673,0.908493,0.979875,0.942251,0.854725,0.944194,0.847524,0.975112,0.865255,0.969804,0.870527,0.985712,0.897897,0.992962,0.895967,0.910436,0.854725,0.908493,0.847523,0.985712,0.929501,0.992962,0.931431,0.877575,0.865255,0.882883,0.870527,0.241827,0.451359,0.260513,0.451359,0.460546,0.597064,0.44186,0.597064,0.771688,0.479116,0.771688,1.30673e-07,0.574893,0.925875,0.574893,0.785236,0.715168,0.785236,0.715168,0.925875,0.859725,0.587592,1,0.587592,1,0.847523,0.859725,0.847523,0.44186,0.553892,0.544689,0.494918,0.140276,0.775794,0.140276,0.916433,0,0.916433,5.2364e-07,0.775793,0.574893,3.48461e-07,0.71945,0,0.71945,0.396703,0.574893,0.396703,0.859725,0.479116,1,0.479116,0.836806,0,0.977081,0,0.44186,0.479116,0.44186,9.80048e-08,0.71945,0.479116,0.859725,0.867648,0.71945,0.867648,0.241827,0.37909,0.260513,0.37909]],"vertices":[-75.7438,11.23,90.3136,-76.4664,0.740004,90.5979,-75.7438,0.740004,90.3136,-76.4664,11.23,90.5979,-77.5272,0.740004,87.9013,-76.8047,11.23,87.617,-76.8047,0.740004,87.617,-77.5272,11.23,87.9013,-76.0368,11.23,87.7321,-75.4294,0.740004,88.2158,-76.0368,0.740004,87.7321,-75.4294,11.23,88.2158,-75.1451,0.740004,88.9383,-75.2602,11.23,89.7062,-75.2602,0.740004,89.7062,-75.1451,11.23,88.9383,-78.1259,11.23,89.2766,-77.8417,0.740004,89.9992,-77.8417,11.23,89.9992,-78.1259,0.740004,89.2766,-77.2342,0.740004,90.4828,-77.2342,11.23,90.4828,-77.7104,10.8236,89.9021,-77.8612,10.8236,88.5739,-77.9637,10.8236,89.2582,-77.4302,10.8236,88.0326,-77.1691,10.8236,90.3331,-76.7863,10.8236,87.7792,-76.4848,10.8236,90.4357,-76.102,10.8236,87.8818,-75.8408,10.8236,90.1824,-75.5606,10.8236,88.3128,-75.4099,10.8236,89.641,-75.3073,10.8236,88.9567,-77.9637,11.23,89.2582,-77.8612,11.23,88.5739,-77.1691,11.23,90.3331,-76.4848,11.23,90.4357,-75.8408,11.23,90.1824,-77.7104,11.23,89.9021,-75.3073,11.23,88.9567,-75.4099,11.23,89.641,-75.5606,11.23,88.3128,-76.102,11.23,87.8818,-78.0108,0.740004,88.5088,-78.0108,11.23,88.5088,-76.7863,11.23,87.7792,-77.4302,11.23,88.0326,-82.1488,3.05085,15.8443,-84.6477,7.75972e-07,17.7522,-82.1488,6.92574e-07,15.8443,-84.6477,3.05085,17.7522,-89.9185,3.05085,10.8487,-89.9185,4.74211e-07,10.8487,-87.4196,3.90814e-07,8.94078,-87.4196,3.05085,8.94078,-87.213,3.05085,8.78299,-81.9421,6.85677e-07,15.6865,-81.9421,3.05085,15.6865,-87.213,3.83917e-07,8.78299,-84.7141,3.00519e-07,6.87508,-79.4433,3.05085,13.7785,-79.4433,6.0228e-07,13.7785,-84.7141,3.05085,6.87508,-13.9686,7.1424,-54.2584,-16.771,11.0324,-49.2753,-16.771,7.1424,-49.2753,-13.9686,11.0324,-54.2584,-21.2035,11.0324,-58.326,-21.2035,7.1424,-58.326,-24.005,7.1424,-53.339,-24.005,11.0324,-53.339,-19.0192,7.1424,-50.5382],"materials":[{"transparent":false,"doubleSided":false,"colorEmissive":[0,0,0],"visible":true,"DbgName":"Material.012","shading":"phong","colorSpecular":[1,1,1],"opacity":1,"wireframe":false,"DbgColor":15658734,"DbgIndex":0,"depthWrite":true,"specularCoef":50,"blending":"NormalBlending","colorDiffuse":[1,1,1],"depthTest":true}],