{"normals":[5.03328e-08,1,2.11928e-08,5.26959e-08,1,2.47901e-08,-0.793562,7.39392e-08,0.60849,0.60849,0,0.793561,-0.793559,-2.59272e-06,0.608494,0.793568,0,-0.608482,-0.608489,0,-0.793562,-0.608482,2.10864e-06,-0.793568,-0.60849,0,-0.793561,-0.79356,0,0.608492,0,1,0,1.60464e-08,1,-7.14839e-08,-0.608488,0,-0.793563,0.608486,-5.33022e-06,0.793564,-0.793563,5.82142e-06,0.608489,-0.793563,0,0.608488,-0.793566,0,0.608485,-6.33891e-08,-1,-3.92634e-08,-1.12655e-08,1,-5.83757e-08,-2.85765e-08,1,-3.72681e-08,0.60849,3.71787e-07,0.793561,0.793561,2.33834e-07,-0.608491,0.793568,0,-0.608482,0.60849,0,0.793561,-0.60849,-3.71787e-07,-0.793561,0.608489,-0,0.793562,-0.608491,-9.59135e-08,-0.793561,0.608495,0,0.793558,0.793565,1.61436e-06,-0.608486,0.608502,-0,0.793553,0.793563,0,-0.608488,0.793557,5.82141e-06,-0.608496,-0.793552,0,0.608503,-2.85765e-08,1,-3.72681e-08,-0.793563,1.48073e-07,0.608488,0.793562,-3.52161e-08,-0.608489,-0.793563,0,0.608488,0.79356,0,-0.608492],"uvs":[[0,0,0.633149,5.42514e-09,0.777015,0,0.805808,1,0.604356,1,0.813443,0.975719,0.813443,0.910435,0.897548,0.910435,0.897548,0.975719,0.897548,0.715017,0.813443,0.754101,0.813443,0.675934,0.897548,0.675934,0.897548,0.871352,0.813443,0.832268,0.897548,0.832268,0.960335,0.277727,0.93273,0.193586,0.960445,0.193622,0.990415,0.415665,0.906309,0.415665,0.906309,0.383023,0.990415,0.350382,0.897548,0.910435,0.981654,0.910435,0.981654,0.975719,0.897548,0.975719,0.981654,0.832268,0.897548,0.832268,0.897548,0.754101,0.981654,0.754101,1,0.096209,1,0.187092,0.805808,0.187092,0.805808,0.0962091,0.906309,0.441432,0.906309,0.519599,0.813443,0.519599,0.813443,0.441432,0.906309,0.350382,0.990415,0.448307,0.990415,0.480949,0.906309,0.480949,0.813443,0.832268,0.813443,0.793185,0.897548,0.754101,1,0.00532576,0.805808,0.096209,0.805808,0.00532579,0.813443,0.363265,0.906309,0.363265,0.813443,0.441432,0.990415,0.508664,0.990415,0.546233,0.906309,0.546233,0.028793,1,0.201452,0,0.172659,1,0.201452,1,0.402904,1,0.402904,1.52091e-08,0.604356,0,0.895051,0.277642,0.895162,0.193536,0.201452,1,0.201452,0,0.402904,0,0.402904,1,0.981654,0.715017,0.897548,0.675934,0.981654,0.675934,0.990415,0.285098,0.906309,0.285098,0.813443,0.285098,0.906309,0.285098,0.813443,0.910435,0.813443,0.597766,0.897548,0.597766,0.906309,0.597766,0.604356,6.51091e-09,2.31756e-07,1,0.805808,1.41233e-08,0.895051,0.277642,0.829768,0.277557,0.829878,0.193451,0.897548,0.597766,0.981654,0.597766]],"vertices":[-124.584,-1.973e-06,-45.1369,-123.064,-2.02393e-06,-46.3021,-123.275,-2.01688e-06,-46.1409,-124.826,-1.96488e-06,-44.9513,-123.064,15.676,-46.3021,-124.826,15.676,-44.9513,-123.426,0.479998,-43.627,-123.461,0.479998,-42.8009,-123.04,0.479998,-43.1234,-123.847,0.479998,-43.3045,-123.426,-1.907e-06,-43.627,-123.233,-1.89599e-06,-43.3752,-123.04,-1.88498e-06,-43.1234,-123.668,-1.89888e-06,-43.4414,-123.847,-1.8929e-06,-43.3045,-123.461,-1.87089e-06,-42.8009,-121.31,0.479998,-44.4499,-121.731,-1.92887e-06,-44.1274,-121.31,-1.94297e-06,-44.4499,-121.731,0.479998,-44.1274,-121.696,0.479998,-44.9535,-121.696,-1.96498e-06,-44.9535,-122.117,0.479998,-44.631,-121.906,-1.95793e-06,-44.7922,-122.117,-1.95088e-06,-44.631,-121.924,-1.93988e-06,-44.3792,-124.77,12.0585,-44.9439,-121.769,12.0585,-44.5478,-123.072,12.0585,-46.2461,-123.468,12.0585,-43.2457,-123.475,-1.88788e-06,-43.1896,-121.713,-1.94692e-06,-44.5404,-121.713,15.676,-44.5404,-123.475,15.676,-43.1896,-122.871,-2.01292e-06,-46.0504,-124.777,0.479998,-45.3887,-124.811,0.479998,-44.5626,-124.391,0.479998,-44.8851,-125.198,0.479998,-45.0662,-124.633,-1.95388e-06,-44.6995,-124.391,-1.96199e-06,-44.8851,-124.811,-1.94789e-06,-44.5626,-124.777,-1.984e-06,-45.3887,-125.198,-1.96991e-06,-45.0662,-123.468,0.479998,-46.3927,-122.661,0.479998,-46.2116,-123.047,0.479998,-46.7152,-123.081,0.479998,-45.8891,-122.661,-2.01997e-06,-46.2116,-123.081,-2.00588e-06,-45.8891,-123.468,-2.02789e-06,-46.3927,-123.047,-2.04199e-06,-46.7152,-124.77,14.4702,-44.9439,-121.769,14.4702,-44.5478,-123.072,14.4702,-46.2461,-123.468,14.4702,-43.2457],"materials":[{"transparent":false,"doubleSided":false,"colorEmissive":[0,0,0],"visible":true,"DbgName":"Material.017","shading":"phong","colorSpecular":[1,1,1],"opacity":1,"wireframe":false,"DbgColor":15658734,"DbgIndex":0,"depthWrite":true,"specularCoef":50,"blending":"NormalBlending","colorDiffuse":[1,1,1],"depthTest":true}],"faces":[42,0,1,2,0,0,0,0,0,0,0,42,1,0,3,0,0,0,0,1,1,1,43,39,13,33,5,0,1,2,3,4,2,2,2,2,43,8,7,15,12,0,5,6,7,8,3,3,3,3,43,25,19,22,24,0,9,10,11,12,4,4,4,4,42,11,8,12,0,13,14,15,5,5,5,42,9,13,14,0,16,17,18,6,6,6,43,20,21,23,22,0,19,20,21,22,7,7,7,7,43,50,44,46,51,0,23,24,25,26,8,8,8,8,43,41,36,38,43,0,27,28,29,30,9,9,9,9,43,26,29,27,28,0,31,32,33,34,10,10,10,10,43,44,47,45,46,0,35,36,37,38,11,11,11,11,42,22,23,24,0,22,21,39,12,12,12,43,47,34,48,45,0,20,40,41,42,13,13,13,13,43,50,2,47,44,0,43,44,45,15,14,14,14,14,42,19,25,17,0,10,9,45,15,15,15,43,15,7,9,14,0,28,27,24,23,16,16,16,16,43,52,55,53,54,0,46,31,47,48,10,10,10,10,42,25,30,11,0,0,0,0,17,17,17,42,30,25,31,0,0,0,0,18,18,18,43,6,9,7,8,0,49,50,35,51,19,19,19,19,43,36,39,40,37,0,42,52,53,54,20,20,20,20,42,34,32,23,0,55,56,57,21,21,21,42,23,32,31,0,57,56,58,22,22,22,43,32,33,30,31,0,4,59,60,61,23,23,23,23,43,13,9,6,10,0,17,16,62,63,24,24,24,24,42,39,36,41,0,52,42,41,25,25,25,43,3,5,4,1,0,64,65,66,67,26,26,26,26,42,0,37,40,0,68,69,70,5,5,5,43,16,19,17,18,0,71,22,39,72,27,27,27,27,43,35,38,36,37,0,73,74,50,49,11,11,11,11,43,8,11,10,6,0,14,13,7,75,28,28,28,28,42,34,47,49,0,40,20,19,29,29,29,43,20,16,18,21,0,11,76,77,12,30,30,30,30,43,0,42,35,37,0,68,30,29,69,31,31,31,31,42,47,2,49,0,45,44,10,32,32,32,43,20,22,19,16,0,37,36,78,76,33,33,33,33,42,39,5,3,0,1,4,79,34,34,34,43,32,34,1,4,0,56,55,80,0,35,35,35,35,42,33,13,30,0,3,2,81,36,36,36,43,38,35,42,43,0,82,83,84,63,8,8,8,8,43,45,48,51,46,0,85,86,70,69,37,37,37,37],"metadata":{"generator":"io_three","normals":38,"type":"Geometry","faces":42,"materials":1,"uvs":1,"version":3,"vertices":56}}