{"normals":[-3.75432e-08,-1,3.75432e-08,-4.1779e-08,1,-5.05525e-08,-0.161749,0,0.986832,0.986828,0,0.161772,-0.16175,-1.71218e-06,0.986832,0.161747,0,-0.986832,-0.986822,0,-0.161809,-0.98683,-1.04553e-05,-0.161761,-0.986828,0,-0.16177,-0.161751,0,0.986832,0,1,-0,-0.986824,0,-0.161798,0.98683,1.04553e-05,0.161761,-0.161755,0,0.986831,1.51442e-07,-1,6.85581e-08,4.44077e-08,1,-3.63998e-08,9.0954e-09,1,-5.54904e-08,0.986827,-8.96006e-06,0.16178,0.16175,9.95294e-08,-0.986832,0.161755,0,-0.986831,0.986832,0,0.16175,-0.98683,-1.09492e-05,-0.161762,0.986833,-0,0.161743,-0.986832,0,-0.16175,0.986828,0,0.16177,-1.86245e-08,1,-3.15439e-08,0.161752,-1.7122e-06,-0.986831,0.986824,-0,0.161798,0.161751,0,-0.986832,9.09527e-09,1,-5.54896e-08,0.16175,5.60084e-08,-0.986832,-0.986828,0,-0.161772],"uvs":[[0,0,0.633149,5.42514e-09,0.777015,0,0.805808,1,0.604356,1,0.813443,0.975719,0.813443,0.910435,0.897548,0.910435,0.897548,0.975719,0.897548,0.715017,0.813443,0.754101,0.813443,0.675934,0.897548,0.675934,0.897548,0.871352,0.813443,0.832268,0.897548,0.832268,0.960335,0.277727,0.93273,0.193586,0.960445,0.193622,0.990415,0.415665,0.906309,0.415665,0.906309,0.383023,0.990415,0.350382,0.897548,0.910435,0.981654,0.910435,0.981654,0.975719,0.897548,0.975719,0.981654,0.832268,0.897548,0.832268,0.897548,0.754101,0.981654,0.754101,1,0.096209,1,0.187092,0.805808,0.187092,0.805808,0.0962091,0.906309,0.441432,0.906309,0.519599,0.813443,0.519599,0.813443,0.441432,0.906309,0.350382,0.990415,0.448307,0.990415,0.480949,0.906309,0.480949,0.813443,0.832268,0.813443,0.793185,0.897548,0.754101,1,0.00532576,0.805808,0.096209,0.805808,0.00532579,0.813443,0.363265,0.906309,0.363265,0.813443,0.441432,0.990415,0.508664,0.990415,0.546233,0.906309,0.546233,0.028793,1,0.201452,0,0.172659,1,0.201452,1,0.402904,1,0.402904,1.52091e-08,0.604356,0,0.895051,0.277642,0.895162,0.193536,0.201452,1,0.201452,0,0.402904,0,0.402904,1,0.981654,0.715017,0.897548,0.675934,0.981654,0.675934,0.990415,0.285098,0.906309,0.285098,0.813443,0.285098,0.906309,0.285098,0.813443,0.910435,0.813443,0.597766,0.897548,0.597766,0.906309,0.597766,0.604356,6.51091e-09,2.31756e-07,1,0.805808,1.41233e-08,0.895051,0.277642,0.829768,0.277557,0.829878,0.193451,0.897548,0.597766,0.981654,0.597766]],"vertices":[-143.294,3.62382e-06,82.9033,-142.984,3.54121e-06,81.0135,-143.027,3.55264e-06,81.275,-143.343,3.63697e-06,83.2043,-142.984,15.676,81.0135,-143.343,15.676,83.2043,-141.416,0.480004,83.211,-140.876,0.480004,83.8367,-140.79,0.480004,83.3137,-141.502,0.480004,83.7341,-141.416,3.63727e-06,83.211,-141.103,3.63951e-06,83.2624,-140.79,3.64176e-06,83.3137,-141.465,3.65043e-06,83.512,-141.502,3.66013e-06,83.7341,-140.876,3.66462e-06,83.8367,-140.437,0.480004,81.1624,-140.523,3.57058e-06,81.6854,-140.437,3.54772e-06,81.1624,-140.523,0.480004,81.6854,-141.063,0.480004,81.0597,-141.063,3.54323e-06,81.0597,-141.149,0.480004,81.5828,-141.106,3.55467e-06,81.3213,-141.149,3.5661e-06,81.5828,-140.836,3.56834e-06,81.6341,-143.297,12.0585,83.1713,-140.839,12.0585,81.4056,-142.951,12.0585,81.0594,-141.185,12.0585,83.5174,-141.152,3.65267e-06,83.5633,-140.793,3.55691e-06,81.3726,-140.793,15.676,81.3726,-141.152,15.676,83.5633,-142.671,3.54346e-06,81.0648,-143.607,0.480004,82.852,-143.066,0.480004,83.4776,-142.981,0.480004,82.9546,-143.693,0.480004,83.375,-143.03,3.63922e-06,83.2556,-142.981,3.62606e-06,82.9546,-143.066,3.64892e-06,83.4776,-143.607,3.62157e-06,82.852,-143.693,3.64444e-06,83.375,-143.34,0.480004,81.2237,-142.628,0.480004,80.8033,-143.254,0.480004,80.7007,-142.714,0.480004,81.3263,-142.628,3.53202e-06,80.8033,-142.714,3.55489e-06,81.3263,-143.34,3.5504e-06,81.2237,-143.254,3.52754e-06,80.7007,-143.297,14.4702,83.1713,-140.839,14.4702,81.4056,-142.951,14.4702,81.0594,-141.185,14.4702,83.5174],"materials":[{"transparent":false,"doubleSided":false,"colorEmissive":[0,0,0],"visible":true,"DbgName":"Material.018","shading":"phong","colorSpecular":[1,1,1],"opacity":1,"wireframe":false,"DbgColor":15658734,"DbgIndex":0,"depthWrite":true,"specularCoef":50,"blending":"NormalBlending","colorDiffuse":[1,1,1],"depthTest":true}],"faces":[42,0,1,2,0,0,0,0,0,0,0,42,1,0,3,0,0,0,0,1,1,1,43,39,13,33,5,0,1,2,3,4,2,2,2,2,43,8,7,15,12,0,5,6,7,8,3,3,3,3,43,25,19,22,24,0,9,10,11,12,4,4,4,4,42,11,8,12,0,13,14,15,5,5,5,42,9,13,14,0,16,17,18,6,6,6,43,20,21,23,22,0,19,20,21,22,7,7,7,7,43,50,44,46,51,0,23,24,25,26,8,8,8,8,43,41,36,38,43,0,27,28,29,30,9,9,9,9,43,26,29,27,28,0,31,32,33,34,10,10,10,10,43,44,47,45,46,0,35,36,37,38,10,10,10,10,42,22,23,24,0,22,21,39,11,11,11,43,47,34,48,45,0,20,40,41,42,12,12,12,12,43,50,2,47,44,0,43,44,45,15,4,4,4,4,42,19,25,17,0,10,9,45,13,13,13,43,15,7,9,14,0,28,27,24,23,9,9,9,9,43,52,55,53,54,0,46,31,47,48,10,10,10,10,42,25,30,11,0,0,0,0,14,14,14,42,30,25,31,0,0,0,0,15,15,15,43,6,9,7,8,0,49,50,35,51,16,16,16,16,43,36,39,40,37,0,42,52,53,54,17,17,17,17,42,34,32,23,0,55,56,57,18,18,18,42,23,32,31,0,57,56,58,19,19,19,43,32,33,30,31,0,4,59,60,61,20,20,20,20,43,13,9,6,10,0,17,16,62,63,21,21,21,21,42,39,36,41,0,52,42,41,22,22,22,43,3,5,4,1,0,64,65,66,67,23,23,23,23,42,0,37,40,0,68,69,70,5,5,5,43,16,19,17,18,0,71,22,39,72,24,24,24,24,43,35,38,36,37,0,73,74,50,49,25,25,25,25,43,8,11,10,6,0,14,13,7,75,26,26,26,26,42,34,47,49,0,40,20,19,27,27,27,43,20,16,18,21,0,11,76,77,12,28,28,28,28,43,0,42,35,37,0,68,30,29,69,26,26,26,26,42,47,2,49,0,45,44,10,13,13,13,43,20,22,19,16,0,37,36,78,76,29,29,29,29,42,39,5,3,0,1,4,79,13,13,13,43,32,34,1,4,0,56,55,80,0,30,30,30,30,42,33,13,30,0,3,2,81,13,13,13,43,38,35,42,43,0,82,83,84,63,31,31,31,31,43,45,48,51,46,0,85,86,70,69,28,28,28,28],"metadata":{"generator":"io_three","normals":32,"type":"Geometry","faces":42,"materials":1,"uvs":1,"version":3,"vertices":56}}