{"normals":[-1.21072e-07,-1,1.41561e-07,-2.08616e-07,-1,2.12342e-07,-0.623539,-4.79606e-08,-0.781792,-0.781792,0,0.623539,-0.623534,1.04362e-06,-0.781796,0.623533,-0,0.781797,0.781791,0,-0.623541,0.781792,0,-0.623539,0.781793,0,-0.623537,-0.623535,0,-0.781795,0,1,0,1.65324e-09,1,-7.3244e-08,0.781792,0,-0.623539,-0.781793,8.20033e-07,0.623538,-0.623536,-1.02731e-06,-0.781795,-0.623537,0,-0.781794,-3.8525e-08,1,-1.34474e-08,1.1664e-07,-1,-4.88141e-08,8.26535e-10,1,-3.66221e-08,-0.781794,-1.18971e-06,0.623537,0.623539,1.58288e-07,0.781792,0.623537,9.51232e-08,0.781794,-0.781793,3.76803e-08,0.623538,0.781792,5.39091e-07,-0.623539,-0.781791,0,0.623541,0.781793,-3.76803e-08,-0.623538,0.623537,-0,0.781794,-0.781793,0,0.623537,-3.50619e-08,1,-4.3961e-08,0.623536,1.02731e-06,0.781795,-0.781795,0,0.623536,0.623537,0,0.781794,0.623534,-1.04362e-06,0.781796,-0.623533,0,-0.781797,1.65307e-09,1,-7.3244e-08,-0.623533,-9.51235e-08,-0.781797,0.623538,-2.6974e-08,0.781793,-0.623533,0,-0.781797,0.623535,0,0.781795],"uvs":[[0,0,0.633149,5.42514e-09,0.777015,0,0.805808,1,0.604356,1,0.813443,0.975719,0.813443,0.910435,0.897548,0.910435,0.897548,0.975719,0.897548,0.715017,0.813443,0.754101,0.813443,0.675934,0.897548,0.675934,0.897548,0.871352,0.813443,0.832268,0.897548,0.832268,0.960335,0.277727,0.93273,0.193586,0.960445,0.193622,0.990415,0.415665,0.906309,0.415665,0.906309,0.383023,0.990415,0.350382,0.897548,0.910435,0.981654,0.910435,0.981654,0.975719,0.897548,0.975719,0.981654,0.832268,0.897548,0.832268,0.897548,0.754101,0.981654,0.754101,1,0.096209,1,0.187092,0.805808,0.187092,0.805808,0.0962091,0.906309,0.441432,0.906309,0.519599,0.813443,0.519599,0.813443,0.441432,0.906309,0.350382,0.990415,0.448307,0.990415,0.480949,0.906309,0.480949,0.813443,0.832268,0.813443,0.793185,0.897548,0.754101,1,0.00532576,0.805808,0.096209,0.805808,0.00532579,0.813443,0.363265,0.906309,0.363265,0.813443,0.441432,0.990415,0.508664,0.990415,0.546233,0.906309,0.546233,0.028793,1,0.201452,0,0.172659,1,0.201452,1,0.402904,1,0.402904,1.52091e-08,0.604356,0,0.895051,0.277642,0.895162,0.193536,0.201452,1,0.201452,0,0.402904,0,0.402904,1,0.981654,0.715017,0.897548,0.675934,0.981654,0.675934,0.990415,0.285098,0.906309,0.285098,0.813443,0.285098,0.906309,0.285098,0.813443,0.910435,0.813443,0.597766,0.897548,0.597766,0.906309,0.597766,0.604356,6.51091e-09,2.31756e-07,1,0.805808,1.41233e-08,0.895051,0.277642,0.829768,0.277557,0.829878,0.193451,0.897548,0.597766,0.981654,0.597766]],"vertices":[91.5575,1.03587e-06,23.6979,92.7516,1.10131e-06,25.195,92.5864,1.09225e-06,24.9878,91.3673,1.02544e-06,23.4594,92.7516,15.676,25.195,91.3673,15.676,23.4594,90.07,0.480001,24.8843,89.2434,0.480001,24.8656,89.5739,0.480001,25.28,89.7395,0.480001,24.4699,90.07,1.08773e-06,24.8843,89.8219,1.09637e-06,25.0821,89.5739,1.10502e-06,25.28,89.8798,1.0773e-06,24.6458,89.7395,1.06961e-06,24.4699,89.2434,1.08691e-06,24.8656,90.9332,0.480001,26.9843,90.6027,1.16141e-06,26.5699,90.9332,1.17952e-06,26.9843,90.6027,0.480001,26.5699,91.4293,0.480001,26.5886,91.4293,1.16222e-06,26.5886,91.0988,0.480001,26.1742,91.2641,1.15317e-06,26.3814,91.0988,1.14411e-06,26.1742,90.8508,1.15276e-06,26.3721,91.361,12.0585,23.5156,91.0224,12.0585,26.523,92.6954,12.0585,25.1887,89.688,12.0585,24.85,89.6318,1.08595e-06,24.8437,91.016,1.16182e-06,26.5793,91.016,15.676,26.5793,89.6318,15.676,24.8437,92.5035,1.10996e-06,25.3928,91.8056,0.480001,23.5,90.979,0.480001,23.4814,91.3095,0.480001,23.8957,91.4751,0.480001,23.0857,91.1193,1.03409e-06,23.6573,91.3095,1.04451e-06,23.8957,90.979,1.0264e-06,23.4814,91.8056,1.02722e-06,23.5,91.4751,1.00911e-06,23.0857,92.8344,0.480001,24.79,92.6688,0.480001,25.6,93.1649,0.480001,25.2043,92.3383,0.480001,25.1857,92.6688,1.11901e-06,25.6,92.3383,1.1009e-06,25.1857,92.8344,1.0836e-06,24.79,93.1649,1.10172e-06,25.2043,91.361,14.4702,23.5156,91.0224,14.4702,26.523,92.6954,14.4702,25.1887,89.688,14.4702,24.85],"materials":[{"transparent":false,"doubleSided":false,"colorEmissive":[0,0,0],"visible":true,"DbgName":"Material.020","shading":"phong","colorSpecular":[1,1,1],"opacity":1,"wireframe":false,"DbgColor":15658734,"DbgIndex":0,"depthWrite":true,"specularCoef":50,"blending":"NormalBlending","colorDiffuse":[1,1,1],"depthTest":true}],"faces":[42,0,1,2,0,0,0,0,0,0,0,42,1,0,3,0,0,0,0,1,1,1,43,39,13,33,5,0,1,2,3,4,2,2,2,2,43,8,7,15,12,0,5,6,7,8,3,3,3,3,43,25,19,22,24,0,9,10,11,12,4,4,4,4,42,11,8,12,0,13,14,15,5,5,5,42,9,13,14,0,16,17,18,6,6,6,43,20,21,23,22,0,19,20,21,22,7,7,7,7,43,50,44,46,51,0,23,24,25,26,8,8,8,8,43,41,36,38,43,0,27,28,29,30,9,9,9,9,43,26,29,27,28,0,31,32,33,34,10,10,10,10,43,44,47,45,46,0,35,36,37,38,11,11,11,11,42,22,23,24,0,22,21,39,12,12,12,43,47,34,48,45,0,20,40,41,42,13,13,13,13,43,50,2,47,44,0,43,44,45,15,14,14,14,14,42,19,25,17,0,10,9,45,15,15,15,43,15,7,9,14,0,28,27,24,23,9,9,9,9,43,52,55,53,54,0,46,31,47,48,10,10,10,10,42,25,30,11,0,0,0,0,16,16,16,42,30,25,31,0,0,0,0,17,17,17,43,6,9,7,8,0,49,50,35,51,18,18,18,18,43,36,39,40,37,0,42,52,53,54,19,19,19,19,42,34,32,23,0,55,56,57,20,20,20,42,23,32,31,0,57,56,58,21,21,21,43,32,33,30,31,0,4,59,60,61,22,22,22,22,43,13,9,6,10,0,17,16,62,63,23,23,23,23,42,39,36,41,0,52,42,41,24,24,24,43,3,5,4,1,0,64,65,66,67,25,25,25,25,42,0,37,40,0,68,69,70,26,26,26,43,16,19,17,18,0,71,22,39,72,27,27,27,27,43,35,38,36,37,0,73,74,50,49,28,28,28,28,43,8,11,10,6,0,14,13,7,75,29,29,29,29,42,34,47,49,0,40,20,19,30,30,30,43,20,16,18,21,0,11,76,77,12,31,31,31,31,43,0,42,35,37,0,68,30,29,69,32,32,32,32,42,47,2,49,0,45,44,10,33,33,33,43,20,22,19,16,0,37,36,78,76,34,34,34,34,42,39,5,3,0,1,4,79,35,35,35,43,32,34,1,4,0,56,55,80,0,36,36,36,36,42,33,13,30,0,3,2,81,37,37,37,43,38,35,42,43,0,82,83,84,63,8,8,8,8,43,45,48,51,46,0,85,86,70,69,38,38,38,38],"metadata":{"generator":"io_three","normals":39,"type":"Geometry","faces":42,"materials":1,"uvs":1,"version":3,"vertices":56}}