{"normals":[0,1,-0,0,1,-0,0.409629,0.912252,-5.43083e-07,-0.983469,0,-0.181079,0.363202,0,0.931711,-0.983469,0,-0.181076,1.43445e-08,1,-4.10131e-08,0.363202,-0,0.93171,0.363214,4.2034e-06,0.931706,-0.931706,0,0.363214,-0.931706,1.47901e-06,0.363213,-0.931706,1.20785e-07,0.363214,-0.931705,0,0.363216,-0.931706,0,0.363214,-0.931705,0,0.363216,0.983469,0,0.181079,-0.691696,0,-0.722188,0.983469,0,0.181079,-0.983469,0,-0.181079,-0.363214,0,-0.931706,0.691696,0,0.722188,0.430378,0.902648,5.92075e-07,0.430378,0.902649,1.51747e-07,0.931706,0,-0.363214,0.931706,0,-0.363214,0.931706,0,-0.363214,0.931706,-4.70161e-07,-0.363214,0.983469,0,0.181077,-0.985536,0,-0.169465,0.983469,0,0.181075,-0.181079,0,0.983469,-0.169463,0,0.985537,-0.985536,0,-0.169465,-0.404952,0,-0.914338,1.85382e-08,1,-5.13148e-08,0.433467,0.901066,-0.0136525,0.181079,0,-0.983469,-0.181079,0,0.983469,-0.180905,0,0.983501,0.40495,0,0.914339,0.181071,0,-0.98347,-0.983469,-0,-0.181076,0.18108,0,-0.983468,-0.181079,0,0.983469,0.181079,0,-0.983469,0,1,0,0.363215,0,0.931705,0.985536,0,0.169464],"uvs":[[0.0732496,0.801459,0.125035,0.756862,0.142333,0.761038,0.0830953,0.812053,0.571353,0.394258,0.555689,0.38777,0.59535,0.359538,0.604296,0.370809,0.969044,0.260156,0.969044,0.000213744,0.9791,0,0.9791,0.260062,0.6187,0.535823,0.6187,0.359538,0.633551,0.359682,0.633551,0.535967,0.642194,0.410692,0.642194,0,0.805619,7.29501e-08,0.805619,0.410692,0.633416,0.691677,0.633416,0.729113,0.6187,0.729113,0.6187,0.691677,0.785651,0.720598,0.795299,0.720598,0.795299,0.857186,0.785651,0.857186,0.128148,0,0.142333,0.0041235,0.0156261,0.408644,0,0.40912,0.345049,0.357413,0.392264,0.371434,0.345049,0.371434,0.392264,0,0.305758,0.371434,0.142333,0.619352,0.142333,0.371434,0.305758,0.435565,0.345049,0.605548,0.392264,0.619352,0.345049,0.435565,0.392264,0.605548,0.94984,0.294771,0.997877,0.294771,0.997877,0.532903,0.94984,0.532903,0.969044,0.294771,0.805619,0.294771,0.805619,9.11876e-09,0.969044,0,0.555689,0.769147,0.392264,0.769147,0.392264,0.359538,0.555689,0.359538,0.345049,0.619352,0.384605,0.619352,0.384605,0.857485,0.345049,0.857485,0.392264,3.6475e-08,0.642194,0,0.642194,0.359538,0.392264,0.359538,0.642194,0.719773,0.642194,0.410692,0.805619,0.410692,0.805619,0.719773,0.959472,0.73201,0.948973,0.732511,0.988642,0.562168,1,0.557977,1,0.839297,0.990619,0.842758,0.142333,0.860359,0.181624,0.692008,0.345049,0.860359,0.142333,0.692008,0.181624,0.619352,0.345049,0.619352,0.628432,0.730113,0.640215,0.729113,0.640215,0.743016,0.628432,0.743016,0.613977,0.598496,0.604296,0.59767,0.613977,0.598398,0.628432,0.757545,0.6187,0.758322,0.6187,0.729113,0.628432,0.729113,0.805619,0.455499,0.896311,0.455499,0.948974,0.557977,0.805619,0.557977,0.632943,0.535967,0.632943,0.691677,0.6187,0.691677,0.6187,0.535967,0.613977,0.735083,0.604296,0.735083,0.935431,0.557977,0.948973,0.557977,0.948973,0.718843,0.858282,0.718843,0.949425,0.733706,0.755811,0.719773,0.642297,0.954338,0.642194,0.954337,0.536484,1,0.505828,1,0.392264,0.769147,0.536484,0.769147,0.805619,0.454376,0.895724,0.454376,0.805619,0.294771,0.820211,0.294771,0.604296,0.359538,0.6187,0.359538,0.6187,0.59767,0.785651,0.719773,0.948973,0.821236,0.805619,0.821236,0.94984,0.557977,0.785651,0.719773,0.785651,0.954338,0.604296,0.759866,0.58934,0.761236,0.142333,0.357413,0.142333,0,0.536484,0.769147,0.634057,0.769147,0.634057,0.905734,0.536484,0.905734]],"vertices":[17.7631,12.4524,144.043,18.8719,12.4524,142.163,18.1343,12.4524,142.027,18.425,12.4524,144.59,-0.358577,12.4524,151.108,-0.0861657,12.4524,151.807,-0.0861657,10.1,151.807,3.96712,10.1,160.139,0.612613,10.1,151.534,3.26834,10.1,160.412,18.425,5.72205e-06,144.59,18.8719,5.72205e-06,142.163,18.1343,5.72205e-06,142.027,17.7631,5.72205e-06,144.043,-0.358577,6.67572e-06,151.108,0.612613,6.67572e-06,151.534,4.53392,8.14241,163.658,4.53392,6.67572e-06,163.658,3.26834,8.14241,160.412,-9.46209,7.62939e-06,177.063,-9.46209,8.14241,177.063,-13.5072,8.14241,199.033,-13.5072,8.58307e-06,199.033,-12.768,8.58307e-06,199.16,-12.768,8.14241,199.16,-8.76836,7.62939e-06,177.437,-8.76836,8.14241,177.437,5.41483,8.14241,163.853,5.41483,6.67572e-06,163.853,3.96712,8.14241,160.139,16.5091,7.18557,79.6147,16.5938,2.86102e-06,79.1219,16.5091,2.86102e-06,79.6147,16.5938,7.1424,79.1219,16.5938,7.14752,79.1219,29.2005,1.48675,81.443,29.1099,1.5274,81.9348,29.1099,2.86102e-06,81.9348,17.4409,7.1424,74.1955,17.4409,2.86102e-06,74.1955,29.2005,2.86102e-06,81.443,17.4409,7.18557,74.1955,23.0345,4.51855,74.717,17.5314,7.1424,73.7038,30.9866,0.727027,71.742,31.0963,0.674758,71.1466,23.0958,4.48932,75.2367,23.0345,4.51855,75.2254,17.5314,2.86102e-06,73.7038,23.0345,2.86102e-06,74.717,31.0963,2.86102e-06,71.1466,23.0345,2.86102e-06,75.2254,30.9866,2.86102e-06,71.742,23.0958,2.86102e-06,75.2367],"materials":[{"transparent":false,"doubleSided":false,"colorEmissive":[0,0,0],"visible":true,"DbgName":"Material.003","shading":"phong","colorSpecular":[1,1,1],"opacity":1,"wireframe":false,"DbgColor":15658734,"DbgIndex":0,"depthWrite":true,"specularCoef":50,"blending":"NormalBlending","colorDiffuse":[1,1,1],"depthTest":true}],"faces":[43,18,16,27,29,0,0,1,2,3,0,0,0,0,43,0,3,1,2,0,4,5,6,7,1,1,1,1,43,30,36,35,34,0,8,9,10,11,2,2,2,2,43,6,9,7,8,0,12,13,14,15,1,1,1,1,43,21,20,19,22,0,16,17,18,19,3,3,3,3,43,29,7,9,18,0,20,21,22,23,4,4,4,4,43,38,43,48,39,0,24,25,26,27,5,5,5,5,43,21,24,26,20,0,28,29,30,31,6,6,6,6,42,8,5,6,0,32,33,34,7,7,7,42,5,8,3,0,33,32,35,8,8,8,42,16,14,17,0,36,37,38,9,9,9,42,14,16,18,0,37,36,39,10,10,10,42,14,18,6,0,37,39,40,11,11,11,42,14,6,4,0,37,40,41,12,12,12,42,6,18,9,0,40,39,42,13,13,13,42,4,6,5,0,41,40,43,14,14,14,43,1,3,10,11,0,44,45,46,47,15,15,15,15,43,19,20,16,17,0,48,49,50,51,16,16,16,16,43,25,26,24,23,0,52,53,54,55,17,17,17,17,43,0,2,12,13,0,56,57,58,59,18,18,18,18,43,0,13,14,4,0,60,61,62,63,19,19,19,19,43,27,26,25,28,0,64,65,66,67,20,20,20,20,43,42,46,44,45,0,68,69,70,71,21,21,21,21,43,46,42,43,41,0,69,68,72,73,22,22,22,22,42,8,29,15,0,74,75,76,23,23,23,42,29,8,7,0,75,74,77,24,24,24,42,15,27,28,0,76,78,79,25,25,25,42,27,15,29,0,78,76,75,26,26,26,43,45,44,52,50,0,80,81,82,83,27,27,27,27,42,33,30,34,0,84,85,86,28,28,28,43,35,36,37,40,0,87,88,89,90,29,29,29,29,43,51,47,38,39,0,91,92,93,94,30,30,30,30,43,23,24,21,22,0,95,96,97,98,31,31,31,31,43,30,33,31,32,0,85,84,99,100,32,32,32,32,43,45,50,49,42,0,101,102,103,104,33,33,33,33,43,20,26,27,16,0,31,30,2,1,34,34,34,34,42,46,41,47,0,69,73,105,35,35,35,42,35,33,34,0,106,107,108,36,36,36,43,37,36,30,32,0,109,110,111,112,37,37,37,37,43,51,53,46,47,0,91,113,114,92,38,38,38,38,43,52,44,46,53,0,115,116,114,113,39,39,39,39,43,1,11,12,2,0,85,117,118,119,40,40,40,40,42,43,38,41,0,25,24,120,41,41,41,43,42,49,48,43,0,104,103,121,122,42,42,42,42,42,47,41,38,0,92,123,93,43,43,43,43,35,40,31,33,0,106,124,125,107,44,44,44,44,43,3,0,4,5,0,5,4,126,127,45,45,45,45,43,3,8,15,10,0,35,32,128,129,46,46,46,46,43,38,33,31,39,0,130,131,132,133,47,47,47,47],"metadata":{"generator":"io_three","normals":48,"type":"Geometry","faces":49,"materials":1,"uvs":1,"version":3,"vertices":54}}