{"normals":[0.446026,0,0.89502,0.563542,0.820505,0.095877,0.697933,0,0.716164,0.895019,0,-0.446027,-1.54771e-08,1,-3.1057e-08,-0.526482,0.677913,0.513081,-0.446029,0,-0.895019,0.771129,-2.44166e-08,-0.636679,0.771129,0,-0.636679,0.463703,0.762078,-0.451904,-0.410113,0.809146,-0.420821,0.563542,0.820505,0.0958745,0,1,0,-0,1,0,-0,1,-0,-0.77113,-1.42837e-06,0.636678,-0.771133,0,0.636674,0.363951,0.820505,0.440808,0.167723,0,-0.985834,0.167722,-1.78504e-06,-0.985834,-0.636679,0,-0.771129,-0.167722,0,0.985834,-0.167722,-1.37311e-07,0.985834,-0,1,0,-2.87209e-08,1,-4.04966e-08,4.23989e-08,1,-3.007e-08,0.563542,0.820505,0.0958745,6.16471e-09,1,-3.62347e-08,-0.697933,0,-0.716163,-0.697934,-0,-0.716163,0.716164,0,-0.697932,-0.0524775,0.997169,-0.0538484,-0.697934,0,-0.716162,-0.34955,0.865543,-0.358679,0.716164,0,-0.697932,0.716165,-3.19322e-06,-0.697931,0.716163,0,-0.697933,-0.69794,0,-0.716156,-0.716163,0,0.697933,-0.697933,-4.80312e-06,-0.716163,-0.697933,5.28957e-07,-0.716163,0.363949,0.820505,0.440809,-0.716166,5.79085e-06,0.69793,-0.716163,0,0.697933,-0.697933,6.80338e-07,-0.716163,-0.716164,0,0.697932,-0.716163,-2.38493e-07,0.697933,-0.624706,0.77976,-0.0414274,-0.624711,0.779756,-0.041421,-0.985834,0,-0.167723,0.0187723,0.999638,0.0192627,-0.0572414,-0.996631,-0.0587366,0.697932,1.36018e-06,0.716164,0.697933,-6.81765e-06,0.716163,0.363943,0.820505,0.440814,0.716166,-5.61167e-06,-0.69793,0.716163,0,-0.697933,-0.69794,0,-0.716156,-0.716163,-4.96601e-07,0.697933,-0.716163,0,0.697933,0.562828,0.276407,-0.778989,-0.357848,0.858552,-0.367197,-0.357849,0.858552,-0.367197,-0.357849,0.858552,-0.367197,-0.357849,0.858551,-0.367197,-0.357847,0.858552,-0.367198,-0.357851,0.858551,-0.367196,0.113997,0.727599,0.676465,0,1,-0,-0.89502,0,0.446027],"uvs":[[0.837607,0.248184,0.881478,0.248184,0.881478,0.296116,0.837607,0.296116,0.353006,0.011952,0.353006,0.496011,0.046774,0.497965,0.0467749,0.0139059,0.692456,0.358476,0.824513,0.358476,0.824513,0.800727,0.692456,0.800727,0.307544,0.942002,0.307544,0.818285,0.351397,0.81864,0.351397,0.942357,0.869491,0.8715,0.824513,0.864368,0.824513,0.744989,0.869491,0.75212,0.741967,0.323745,0.741967,0.355994,0.730895,0.35648,0.730895,0.324231,0.881478,0.343532,0.837607,0.343532,0.350906,0.818285,0.175487,0.763093,0.350906,0.509338,0.175487,0.81803,0.402738,0.704674,0.376143,0.66729,0.385167,0.663381,0.411762,0.700765,0.384913,0.433643,0.384913,0.422447,0.450941,0.425695,0.450941,0.436891,0.353006,0.507383,0.0467743,0.509338,0.51697,0.309757,0.533575,0.348245,0.524167,0.358476,0.527871,0.30964,0.730895,0.356248,0.7185,0.346252,0.712796,0.307647,0.723698,0.307529,0,0.564314,0.175487,0.509338,0.175487,0.818505,2.29984e-07,0.509338,0.535069,0.00211052,0.719994,0.000117188,0.730895,0.248184,0.906273,0,0.906273,0.244342,0.730895,0.204735,0.824513,0.358476,1,0.358476,1,0.574776,0.824513,0.574776,0.692456,1,0.51697,0.758862,0.692457,0.758862,0.51697,0.801741,0.0467743,0.00253354,0.00970942,0.0118986,2.83057e-07,0,0,0.506804,0.00970913,0.495957,0.353006,0.000579079,0.132042,0.846805,0.14313,0.818505,0.14313,0.885178,0.132042,0.818505,0,0.954058,0.000115399,0.818505,0.0519448,0.818505,0.132005,0.954058,0.497228,0.872238,0.497228,0.53532,0.497228,0.634334,0.384913,0,0.516969,0,0.384913,0.0750733,0.400318,0.577839,0.397315,0.567362,0.456123,0.52319,0.459125,0.533667,0.132043,0.885178,0.824513,0.574834,0.956518,0.744874,0.824513,0.744989,0.956518,0.68989,0.890516,0.574776,0.46512,0.425695,0.471074,0.436891,0.261649,0.818285,0.307544,0.818285,0.307544,0.878004,0.450102,0.869949,0.459125,0.866041,0.384913,0.319266,0.353006,0.11297,0.353006,0.289575,0.730895,0,0.692456,0.915824,0.786511,0.800727,0.692456,0.959582,0.758485,0.800727,0.384913,0.420898,0.51697,0.420898,0.824513,0.800727,0.824513,0.959582,0.175488,0.909994,0.307544,0.964943,0.175487,0.964943,0.51697,0.428795,0.51697,0.52319,0.51697,0.358476,0.692456,0.758862,0.506972,0.52319,0.506972,0.955064,0.506972,0.633112,0.353006,0.840007,0.353006,0.509338,0.353006,0.595661,0.938179,0,0.938179,0.24362,0.906273,0.205812,0.906273,0.0296223,0.365033,0.593124,0.353006,0.586555,0.524167,0.002228,0.132042,0.910272,0.0661179,0.818505,0.516969,0.425695,0.51697,0.436891,0.241516,0.818285,0.837606,0.322963,0.80489,0.302859,0.837607,0.248184,0.516969,0.00789731,0.478968,0.00562473,0.80489,0.323745,0.730895,0.323745,0.750085,0.248184,0.459125,0.540097,0.459125,0.52919,0.869491,0.869267,0.869491,0.744989,0.913363,0.744989,0.913363,0.869267]],"vertices":[117.378,2.365,58.2437,120.442,2.81472e-06,64.3933,117.378,2.54591e-06,58.2437,120.442,2.365,64.3933,115.024,2.59719e-06,59.4167,115.024,2.365,59.4167,118.089,2.365,65.5663,118.089,2.86599e-06,65.5663,-77.8543,9.46,28.1232,-71.3618,9.46,19.7449,-79.336,9.46,26.3287,-69.8802,9.46,21.5394,-80.1942,1.14728e-06,26.2467,-71.2799,9.46,18.8867,-71.2799,8.25565e-07,18.8867,-80.1942,9.46,26.2467,-69.4102,9.46,21.1513,-60.765,1.38224e-06,31.6221,-69.6793,1.70396e-06,38.9821,-78.3244,9.46,28.5113,-69.2092,1.68699e-06,38.5939,-61.2351,1.39921e-06,32.0102,-80.7733,9.46001,161.368,-78.7157,9.46001,135.399,-83.0675,9.46001,160.978,-76.4215,9.46001,135.789,-79.2144,9.46001,134.696,-62.9332,6.00882e-06,137.466,-79.2144,5.88774e-06,134.696,-76.3193,9.46001,135.188,-83.7707,7.05837e-06,161.477,-83.7707,9.46001,161.477,-67.4895,7.17945e-06,164.247,-80.8756,9.46001,161.969,-67.3872,7.15318e-06,163.646,-63.0354,6.03509e-06,138.067,66.6366,2.04857,164.945,67.0649,3.5594,164.528,67.0649,7.19175e-06,164.528,66.6366,3.5594,164.945,56.4599,7.1188,186.718,72.562,7.47577e-06,171.026,56.4599,8.1617e-06,186.718,69.69,7.1188,173.825,60.348,7.1188,182.929,72.562,7.1188,171.026,54.3994,7.1188,185.46,51.4069,3.5594,181.533,50.9786,3.5594,181.95,54.8277,7.1188,185.043,66.6366,7.20999e-06,164.945,73.4078,7.1188,171.037,73.4078,7.47625e-06,171.037,71.3581,7.1188,168.933,50.9786,2.4741,181.95,51.4069,7.93505e-06,181.533,50.9786,7.9533e-06,181.95,51.4069,2.79507,181.533,53.2061,8.05321e-06,184.236,70.9298,7.1188,169.351,68.2402,8.8388,175.238,61.4839,8.8388,181.822,60.7654,7.1188,183.357,61.9013,8.8388,182.25,68.6576,8.8388,175.666,70.1074,7.1188,174.253,48.1404,7.78854e-06,178.181,47.677,8.09394e-06,185.168,56.449,7.1188,187.564,56.449,8.19867e-06,187.564,64.2425,7.10261e-06,162.489],"materials":[{"transparent":false,"doubleSided":false,"colorEmissive":[0,0,0],"visible":true,"DbgName":"Material.010","shading":"phong","colorSpecular":[1,1,1],"opacity":1,"wireframe":false,"DbgColor":15658734,"DbgIndex":0,"depthWrite":true,"specularCoef":50,"blending":"NormalBlending","colorDiffuse":[1,1,1],"depthTest":true}],