{"normals":[-0,1,0,-0.21363,0.976128,-0.0392088,0.983571,0,0.180519,0.133473,0.990748,0.0245704,0.133473,0.990748,0.0245704,0.133473,0.990748,0.0245705,0.133631,0.990748,0.0237087,0.180519,0,-0.983571,0.133473,0.990748,0.0245704,0.133473,0.990748,0.0245704,0.133473,0.990748,0.0245704,0.13344,0.990748,0.0247509,0.133473,0.990748,0.0245704,0,1,0,0,0,0,0.983572,-0,0.180519,0.983571,0,0.18052,0.983578,4.72983e-05,0.180484,0.983572,1.45523e-07,0.180519,0.983571,-2.41666e-06,0.180523,0.983571,-1.53402e-06,0.180522,0.983573,5.63876e-06,0.18051,0.983572,5.63883e-07,0.180519,0.983571,-7.85329e-08,0.18052,0.983573,9.69461e-07,0.180512,0.983571,-4.3073e-08,0.180523,0.983571,0,0.180522,-0.180519,0,0.983571,0.180519,0,-0.983571,0.180519,0,-0.983571,0.180519,0,-0.983571,0.180519,0,-0.983571,0.180519,0,-0.983572,0.180519,0,-0.983571,0.180519,0,-0.983572,0.180519,0,-0.983572,-0.180519,0,0.983572,0.180519,0,-0.983572,0.180519,0,-0.983572,0.180519,0,-0.983572,0.180519,2.46772e-06,-0.983572,0.180519,0,-0.983571,-0.180519,0,0.983571,-0.180519,0,0.983571,-0.180519,0,0.983571,-0.180519,-5.68346e-07,0.983571,0,0,1,0.133473,0.990748,0.0245705,-0.532453,-0.840799,-0.0977231,0.17256,-0.98449,0.0316714,0.700753,0.701715,0.128612,0.431353,-0.898703,0.0791693,0.291028,-0.955222,0.0534148,0,-1,0,-0,-1,0,-0.180519,0,0.983572,-0.180519,0,0.983571,-0.180519,0,0.983572,-0.180519,0,0.983572,-0.180519,0,0.983572,-0.180519,0,0.983572,-0.180519,0,0.983572,-0.180519,-1.02868e-05,0.983572,-0.180519,-8.31096e-06,0.983572,2.77532e-06,1,-7.62928e-07,0,1,-0,0,1,-0,9.57603e-06,1,-4.47144e-07,-2.83269e-07,1,-5.19897e-08,0.983571,0,0.180519],"uvs":[[0.37368,0.667434,0.37368,1,0.305326,1,0.305326,0.667434,0.777751,0,0.777751,0.434178,0.473945,0.43418,0.473945,2.35586e-06,0.851128,0,0.851128,0.332566,0.777751,0.332566,0.777751,2.22786e-08,0.900752,2.65405e-07,0.900752,0.331498,0.851348,0.331509,0.851128,0,1,3.13025e-07,1,0.331498,0.950596,0.331509,0.950376,0,0.900752,0.331509,0.900752,0.663007,0.851348,0.663018,0.851128,0.331509,0.900752,0.331509,0.473945,0.667434,0.326327,0.667434,0.363373,0.227845,0.473945,0.227845,0.827375,0.665132,0.827375,0.99663,0.777971,0.99664,0.777751,0.665132,0.950376,0.33152,0.950317,0.663017,0.900913,0.663017,0.900752,0.331509,0.950376,0.663018,0.950376,0.994516,0.900972,0.994526,0.900752,0.663017,0.900752,0.663018,0.950376,3.13109e-07,0.950376,0.331498,0.900972,0.331509,0.900752,0,0.444856,1,0.444856,0.667434,0,0,0.025016,0.667434,0.12627,0.667434,0.236728,0.667434,0.0172871,0.667434,0.00873097,0.667434,0.236728,1,0.00169925,0.667434,0,0.667434,2.36525e-07,0.82261,2.16814e-07,0.831954,2.16814e-07,0.842995,2.16814e-07,0.849669,1.77394e-07,0.863018,1.97104e-07,0.964856,1.97104e-07,0.975714,1.97104e-07,0.99005,1.97104e-07,1,0.126401,0.439589,0.0893544,1.21999e-08,0.236972,0,0.236972,0.439589,0.356715,0.227845,0.348848,0.227845,0.344092,0.227845,0.33458,0.227845,0.262014,0.227845,0.254277,0.227845,0.244062,0.227845,0.236973,0.227845,0.236972,0.667434,1.77394e-07,0.667434,0.236972,4.31526e-08,0.236972,0.152927,0.473945,0,0.119742,0.439589,0.111875,0.439589,0.107119,0.439589,0.0976075,0.439589,0.0250418,0.439589,0,0.439589,0.0173049,0.439589,0.00874002,0.439589,0.0070901,0.439589,0.00170099,0.439589,0.900752,0.663018,0.900752,0.994516,0.851348,0.994527,0.851128,0.663018,1.97104e-07,0.514507,0.236973,0.82261,0.236972,0.667434,0.236973,0.831954,0.236973,0.842995,0.236973,0.849669,0.236972,0.863018,0.236973,0.964856,0.236973,0.975714,0.236973,0.99005,0.236973,1,0.473945,0.514504,0.473945,0.43418,0.777751,0.43418,0.777751,0.514504,0.777751,0.773642,0.473945,0.773642,0.851128,0.332566,0.851128,0.665132]],"vertices":[42.5772,11.4657,102.084,39.9237,15.0197,116.542,39.9237,11.4657,116.542,42.5772,15.0197,102.084,39.9237,5.0942e-06,116.542,42.5772,4.46222e-06,102.084,36.5323,11.4657,115.919,39.1858,15.0197,101.461,36.5323,15.0197,115.919,39.1858,11.4657,101.461,22.7268,9.87371,113.336,23.0311,10.2008,98.4949,20.3783,10.2008,112.905,25.3692,9.87515,98.924,27.4578,10.9428,114.204,27.7621,11.2698,99.3632,25.1093,11.2698,113.774,30.1001,10.9442,99.7923,29.8233,11.4773,114.638,30.1275,11.8044,99.7973,27.4748,11.8044,114.208,32.4656,11.4787,100.226,32.4657,11.4787,100.226,13.2649,7.73561,111.599,13.5691,8.06268,96.7583,10.9163,8.06268,111.169,15.9072,7.73705,97.1874,15.6304,8.27013,112.034,15.9346,8.59721,97.1924,13.2818,8.59721,111.603,18.2727,8.27158,97.6215,20.3614,9.33918,112.902,20.6656,9.66626,98.0607,18.0128,9.66626,112.471,23.0037,9.34063,98.4898,25.0923,10.4082,113.77,25.3966,10.7353,98.929,22.7438,10.7353,113.34,27.7346,10.4097,99.3581,27.7347,10.4097,99.3577,17.9959,8.80466,112.468,18.3001,9.13173,97.6266,15.6473,9.13173,112.037,20.6382,8.8061,98.0557,33.2753,11.4657,115.322,35.9288,15.0197,100.864,33.2753,15.0197,115.322,35.9288,11.4657,100.864,32.6719,5.67211,100.266,32.6719,6.28286,100.266,32.6719,6.74308,100.266,32.6719,6.05275,100.266,32.6719,4.38276e-06,100.266,32.6719,5.34995,100.266,30.0184,5.34995,114.724,30.0184,6.05275,114.724,30.0184,5.67211,114.724,30.0184,6.28286,114.724,30.0184,6.74308,114.724,30.0184,10.2541,114.724,30.0184,5.01473e-06,114.724,30.0184,10.6285,114.724,30.0184,11.0429,114.724,30.0184,11.3835,114.724,30.0183,11.4658,114.724,31.2565,11.4657,107.978,31.3311,11.4657,107.571,31.4191,11.4657,107.091,31.4724,11.4657,106.801,31.5789,11.4657,106.221,32.3915,11.4657,101.794,32.4781,11.4657,101.322,32.5925,11.4657,100.698,32.6719,11.4657,100.266,32.6719,11.1227,100.266,32.6719,10.2541,100.266,32.6719,10.6285,100.266,30.0184,11.1227,114.724,13.5612,4.22944e-06,96.7583,13.5612,7.1424,96.7583,10.9077,4.86142e-06,111.216,10.9077,7.1424,111.216],"materials":[{"transparent":false,"doubleSided":false,"colorEmissive":[0,0,0],"visible":true,"DbgName":"Material.005","shading":"phong","colorSpecular":[0.5,0.5,0.5],"opacity":1,"wireframe":false,"DbgColor":15658734,"DbgIndex":0,"depthWrite":true,"specularCoef":50,"blending":"NormalBlending","colorDiffuse":[0.64,0.64,0.64],"depthTest":true}],