{"uvs":[[0,0,0.628664,0.167836,0.0163259,1,1,0.294439,0.973308,1]],"normals":[0.358374,0.931983,-0.0545492,0.433742,0.900743,0.0230214],"materials":[{"DbgColor":15658734,"blending":"NormalBlending","colorDiffuse":[0.64,0.64,0.64],"depthTest":true,"DbgName":"Material.025","depthWrite":true,"DbgIndex":0,"colorSpecular":[0.5,0.5,0.5],"colorEmissive":[0,0,0],"transparent":false,"opacity":1,"visible":true,"wireframe":false,"shading":"phong","specularCoef":50,"doubleSided":false}],"vertices":[30.8707,3.86788e-06,88.4867,16.5091,7.1424,79.6147,13.5551,7.1424,96.7573,29.2005,3.55999e-06,81.443,32.6639,4.38283e-06,100.268],"faces":[42,4,0,2,0,0,1,2,0,0,0,43,0,3,1,2,0,1,3,4,2,1,1,1,1],"metadata":{"uvs":1,"faces":2,"type":"Geometry","normals":2,"version":3,"generator":"io_three","vertices":5,"materials":1}}